01/24/2014 05:36:44,05:36:44,A monkey screams
01/24/2014 05:57:22,05:57:22,A monkey makes a wheeze vocalization
01/24/2014 05:57:25,05:57:25,A monkey makes an intense gargle
01/24/2014 06:21:14,06:21:14,"Handles, bites and drops a Luchea fruit"
01/24/2014 06:21:25,06:21:25,Frankenstein approaches within five body lengths
01/24/2014 06:21:26,06:21:26,Frankenstein approaches within one body length
01/24/2014 06:21:28,06:21:28,Play-wrestles with Frankenstein
01/24/2014 06:21:31,06:21:31,Plays chicken-fight with Frankenstein
01/24/2014 06:21:56,06:21:56,Leaves one body length of Frankenstein
01/24/2014 06:22:11,06:22:11,King James aggressively shakes a branch
01/24/2014 06:22:25,06:22:25,Looks under a leaf for insects
01/24/2014 06:22:33,06:22:33,Leaves one body length of Frankenstein
01/24/2014 06:22:35,06:22:35,Leaves five body lengths of Frankenstein
01/24/2014 06:22:52,06:22:52,Handles a Luchea fruit
01/24/2014 06:23:10,06:23:10,Approaches to five body lengths of Dali
01/24/2014 06:23:29,06:23:29,Approaches to one body length of Dali
01/24/2014 06:23:35,06:23:35,A monkey makes a 2-syllable lost call
01/24/2014 06:23:37,06:23:37,Approaches to one body length of Dali
01/24/2014 06:23:39,06:23:39,Shows food interest in Dali's Luchea fruit
01/24/2014 06:23:43,06:23:43,"Takes some of Dali's Luchea fruit, and Dali tolerates it"
01/24/2014 06:23:55,06:23:55,King James aggressively shakes a branch
01/24/2014 06:23:56,06:23:56,Scratches
01/24/2014 06:23:59,06:23:59,King James makes a (sex) duck face to Dali
01/24/2014 06:24:00,06:24:00,Scratches
01/24/2014 06:24:10,06:24:10,Dubious approaches within five body lengths
01/24/2014 06:24:18,06:24:18,Approaches to one body length of Dubious
01/24/2014 06:24:31,06:24:31,Follows Dali
01/24/2014 06:24:37,06:24:37,Friendly-touches Dali
01/24/2014 06:24:39,06:24:39,Nurses from Dali
01/24/2014 06:24:42,06:24:42,Dali grooms Winslow Homer
01/24/2014 06:24:57,06:24:57,Frankenstein approaches within five body lengths
01/24/2014 06:24:58,06:24:58,Frankenstein grooms Winslow Homer
01/24/2014 06:25:19,06:25:19,Dali aggressively nips at Winslow Homer
01/24/2014 06:25:34,06:25:34,Stops nursing from Dali
01/24/2014 06:25:34,06:25:34,Scratches
01/24/2014 06:25:36,06:25:36,Dali stops grooming Winslow Homer
01/24/2014 06:25:51,06:25:51,Chicken-fights alone
01/24/2014 06:25:54,06:25:54,"Dali food-peeps, Winslow Homer looks"
01/24/2014 06:26:01,06:26:01,Dubious approaches within one body length
01/24/2014 06:26:06,06:26:06,Leaves one body length of Dubious
01/24/2014 06:26:19,06:26:19,Dubious approaches within one body length
01/24/2014 06:26:21,06:26:21,Leaves one body length of Dubious
01/24/2014 06:26:24,06:26:24,Leaves five body lengths of Dubious
01/24/2014 06:26:25,06:26:25,Approaches to five body lengths of Dali
01/24/2014 06:26:29,06:26:29,Looks at Dubious
01/24/2014 06:26:31,06:26:31,Dubious approaches within five body lengths
01/24/2014 06:26:42,06:26:42,Looks at Dubious
01/24/2014 06:26:44,06:26:44,Dubious touches Winslow Homer
01/24/2014 06:26:45,06:26:45,Dubious approaches within one body length
01/24/2014 06:26:48,06:26:48,Leaves one body length of Dubious
01/24/2014 06:26:57,06:26:57,Dubious approaches within one body length
01/24/2014 06:27:03,06:27:03,Dubious sniffs Winslow Homer
01/24/2014 06:27:11,06:27:11,Dubious restrains Winslow Homer
01/24/2014 06:27:12,06:27:12,Leaves one body length of Dubious
01/24/2014 06:27:13,06:27:13,Approaches to five body lengths of Dali
01/24/2014 06:27:16,06:27:16,Approaches to one body length of Dali
01/24/2014 06:27:40,06:27:40,Forages for insects in bark
01/24/2014 06:27:42,06:27:42,Twitters to Dali
01/24/2014 06:27:42,06:27:42,Twitters to Dali
01/24/2014 06:27:43,06:27:43,Approaches to five body lengths of Dali
01/24/2014 06:28:14,06:28:14,Partially out of view of the researchers
01/24/2014 06:28:30,06:28:30,Approaches to five body lengths of Dali
01/24/2014 06:28:32,06:28:32,Twitter vocalization
01/24/2014 06:28:33,06:28:33,Twitter vocalization
01/24/2014 06:28:44,06:28:44,Twitters to Dali
01/24/2014 06:29:04,06:29:04,Enters a Luchea tree
01/24/2014 06:29:09,06:29:09,Handles and drops a Luchea fruit
01/24/2014 06:29:29,06:29:29,Bites a leaf
01/24/2014 06:29:53,06:29:53,"Handles, bites and breaks a Luchea fruit"
01/24/2014 06:29:53,06:29:53,Approaches to five body lengths of Nickel
01/24/2014 06:30:12,06:30:12,Handles and sniffs a Luchea fruit
01/24/2014 06:30:13,06:30:13,Scratches
01/24/2014 06:30:39,06:30:39,Leaves the Luchea tree
01/24/2014 06:30:43,06:30:43,Leaves five body lengths of Nickel
01/24/2014 06:31:12,06:31:12,Looks under a leaf for insects
01/24/2014 06:31:18,06:31:18,Enters a Bursera tree
01/24/2014 06:31:47,06:31:47,Approaches to one body length of Dali
01/24/2014 06:31:59,06:31:59,Leaves the Bursera tree
01/24/2014 06:32:05,06:32:05,Approaches to five body lengths of Dali
01/24/2014 06:32:22,06:32:22,Leaves five body lengths of Dali
01/24/2014 06:32:42,06:32:42,Enters a Bursera tree
01/24/2014 06:32:50,06:32:50,Looks under a leaf for insects
01/24/2014 06:33:04,06:33:04,Approaches to five body lengths of Dali
01/24/2014 06:33:05,06:33:05,Enters a Luchea tree
01/24/2014 06:33:26,06:33:26,"Handles, bites and drops a Luchea fruit"
01/24/2014 06:33:31,06:33:31,Leaves the Luchea tree
01/24/2014 06:34:02,06:34:02,Scratches
01/24/2014 06:34:16,06:34:16,Looks under a leaf for insects
01/24/2014 06:34:18,06:34:18,Partially out of view of the researchers
01/24/2014 06:34:42,06:34:42,Starts solo play
01/24/2014 06:35:41,06:35:41,Forages for insects in bark
01/24/2014 06:36:02,06:36:02,Scratches
01/24/2014 06:36:31,06:36:31,Starts solo play
01/24/2014 06:36:45,06:36:45,Stops solo play
01/24/2014 06:37:10,06:37:10,A monkey makes a series of snake alarms
01/24/2014 06:37:15,06:37:15,"Many monkeys make intense vocal threats in chorus, Winslow Homer looks"
01/24/2014 06:37:17,06:37:17,"Dali makes an intense vocal threat, Winslow Homer looks"
01/24/2014 06:37:20,06:37:20,"Dali makes a bird alarm, and Winslow Homer looks"
01/24/2014 06:37:21,06:37:21,Partially out of view of the researchers
01/24/2014 06:37:39,06:37:39,Mutual approach to five body lengths with Dali
01/24/2014 06:37:41,06:37:41,Dali invites Winslow Homer to ride on her back
01/24/2014 06:37:41,06:37:41,Approaches to one body length of Dali
01/24/2014 06:37:44,06:37:44,Climbs onto Dali to ride on her back
01/24/2014 06:37:49,06:37:49,A monkey makes a series of snake alarms
01/24/2014 06:37:58,06:37:58,Partially out of view of the researchers
01/24/2014 06:38:09,06:38:09,Climbs off of Dali's back
01/24/2014 06:38:11,06:38:11,A monkey makes a bird alarm
01/24/2014 06:38:36,06:38:36,Out if view of the researchers
01/24/2014 06:39:01,06:39:01,A monkey makes a bird alarm
01/24/2014 06:39:13,06:39:13,Dubious approaches within five body lengths
01/24/2014 06:39:18,06:39:18,"A monkey makes a bird alarm, and Winslow Homer runs toward the sound"
01/24/2014 06:39:19,06:39:19,Partially out of view of the researchers
01/24/2014 06:39:39,06:39:39,Out if view of the researchers
01/24/2014 06:40:17,06:40:17,A monkey makes an alarm call
01/24/2014 06:40:27,06:40:27,A monkey makes a bird alarm
01/24/2014 06:40:34,06:40:34,Approaches to one body length of Dubious
01/24/2014 06:40:36,06:40:36,Playfully pounces on Dubious
01/24/2014 06:40:37,06:40:37,Play-wrestles with Dubious
01/24/2014 06:40:40,06:40:40,"A monkey makes an alarm call, and Winslow Homer ignores"
01/24/2014 06:40:45,06:40:45,"A monkey makes a snake alarm, Winslow Homer ignores"
01/24/2014 06:40:52,06:40:52,Mutual play bite with Dubious
01/24/2014 06:40:56,06:40:56,Dubious play-hits Winslow Homer
01/24/2014 06:41:02,06:41:02,Playfully pounces on Dubious
01/24/2014 06:41:06,06:41:06,"A monkey makes a snake alarm, Winslow Homer ignores"
01/24/2014 06:41:15,06:41:15,Dubious approaches within one body length
01/24/2014 06:41:17,06:41:17,Dubious play-hits Winslow Homer
01/24/2014 06:41:22,06:41:22,Dubious play-flees from Winslow Homer
01/24/2014 06:41:24,06:41:24,Playfully chases Dubious
01/24/2014 06:41:31,06:41:31,A monkey makes a snake alarm
01/24/2014 06:41:36,06:41:36,"A monkey makes a snake alarm, Winslow Homer ignores"
01/24/2014 06:41:40,06:41:40,Twitters to Dubious
01/24/2014 06:41:42,06:41:42,Approaches to one body length of Dubious
01/24/2014 06:41:44,06:41:44,Playfully pounces on Dubious
01/24/2014 06:41:46,06:41:46,Playfully wrestles with Dubious
01/24/2014 06:41:54,06:41:54,Sex thrusts to Dubious
01/24/2014 06:42:00,06:42:00,Ends sex with Dubious
01/24/2014 06:42:03,06:42:03,Dubious play-pulls Winslow Homer
01/24/2014 06:42:05,06:42:05,Playfully hits Dubious
01/24/2014 06:42:07,06:42:07,"A monkey makes a snake alarm, Winslow Homer ignores"
01/24/2014 06:42:09,06:42:09,Leaves one body length of Dubious
01/24/2014 06:42:13,06:42:13,"A monkey makes a snake alarm, Winslow Homer ignores"
01/24/2014 06:42:16,06:42:16,Looks in a hole for food
01/24/2014 06:42:32,06:42:32,"A monkey makes a snake alarm, Winslow Homer ignores"
01/24/2014 06:42:49,06:42:49,"A monkey makes a snake alarm, Winslow Homer ignores"
01/24/2014 06:43:38,06:43:38,Scratches
01/24/2014 06:43:44,06:43:44,Scratches
01/24/2014 06:43:50,06:43:50,Stands bipedally and visually scans
01/24/2014 06:43:56,06:43:56,Partially out of view of the researchers
01/24/2014 06:44:00,06:44:00,Partially out of view of the researchers
01/24/2014 06:44:22,06:44:22,Approaches to one body length of Duplo
01/24/2014 06:44:50,06:44:50,Leaves five body lengths of Duplo
01/24/2014 06:44:52,06:44:52,Partially out of view of the researchers
01/24/2014 06:45:09,06:45:09,Partially out of view of the researchers
01/24/2014 06:45:10,06:45:10,Urinates
01/24/2014 06:46:17,06:46:17,Duplo approaches within one body length
01/24/2014 06:46:44,06:46:44,"A monkey makes a snake alarm, Winslow Homer ignores"
01/24/2014 06:47:00,06:47:00,Partially out of view of the researchers
01/24/2014 06:47:04,06:47:04,"A monkey makes a snake alarm, Winslow Homer ignores"
01/24/2014 06:47:18,06:47:18,Approaches to one body length of Duplo
01/24/2014 06:47:21,06:47:21,Twitters to Duplo
01/24/2014 06:47:34,06:47:34,Scratches
01/24/2014 06:47:41,06:47:41,Approaches to one body length of Duplo
01/24/2014 06:47:45,06:47:45,Partially out of view of the researchers
01/24/2014 06:47:48,06:47:48,Approaches to one body length of Duplo
01/24/2014 06:48:05,06:48:05,Scratches
01/24/2014 06:48:06,06:48:06,Approaches to one body length of Duplo
01/24/2014 06:48:11,06:48:11,Twitters to Duplo
01/24/2014 06:48:11,06:48:11,Duplo touches Winslow Homer
01/24/2014 06:48:12,06:48:12,Duplo sniffs Winslow Homer
01/24/2014 06:48:29,06:48:29,Duplo touches Winslow Homer
01/24/2014 06:48:30,06:48:30,Presents to Duplo for grooming
01/24/2014 06:48:42,06:48:42,Leaves one body length of Duplo
01/24/2014 06:48:48,06:48:48,Scratches
01/24/2014 06:48:54,06:48:54,Scratches
01/24/2014 06:49:32,06:49:32,Plays alone with a stick
01/24/2014 06:49:49,06:49:49,Scratches
01/24/2014 06:51:22,06:51:22,Monster makes a snake alarm
01/24/2014 06:51:50,06:51:50,Seiton approaches within one body length
01/24/2014 06:51:51,06:51:51,Seiton grooms Winslow Homer
01/24/2014 06:51:58,06:51:58,Seiton stops grooming Winslow Homer
01/24/2014 06:52:07,06:52:07,Scratches
01/24/2014 06:52:15,06:52:15,Scratches
01/24/2014 06:52:22,06:52:22,Self-grooms
01/24/2014 06:52:24,06:52:24,Seiton approaches within one body length
01/24/2014 06:52:26,06:52:26,Seiton invites Winslow Homer to groom her
01/24/2014 06:52:49,06:52:49,"A monkey yelps, Winslow Homer ignores"
01/24/2014 06:53:20,06:53:20,Seiton stops grooming Winslow Homer
01/24/2014 06:53:26,06:53:26,Presents to Seiton for grooming
01/24/2014 06:53:27,06:53:27,Seiton grooms Winslow Homer
01/24/2014 06:53:43,06:53:43,Seiton stops grooming Winslow Homer
01/24/2014 06:53:48,06:53:48,Seiton grooms Winslow Homer
01/24/2014 06:53:57,06:53:57,Seiton inspects Winslow Homer at close range
01/24/2014 06:54:04,06:54:04,Seiton hugs Winslow Homer
01/24/2014 06:54:07,06:54:07,Seiton inspects Winslow Homer at close range
01/24/2014 06:54:12,06:54:12,Seiton stops grooming Winslow Homer
01/24/2014 06:54:14,06:54:14,Scratches
01/24/2014 06:54:18,06:54:18,Seiton hugs Winslow Homer
01/24/2014 06:54:39,06:54:39,Scratches
01/24/2014 06:55:51,06:55:51,Starts solo play
01/24/2014 06:56:00,06:56:00,"A monkey makes a bird alarm, Winslow Homer ignores"
01/24/2014 06:56:32,06:56:32,Handles and bites an unknown fruit
01/24/2014 06:57:51,06:57:51,Handles and bites an unknown fruit
01/24/2014 06:59:14,06:59:14,Handles and bites an unknown fruit
01/24/2014 06:59:17,06:59:17,Frankenstein approaches within five body lengths
01/24/2014 07:00:14,07:00:14,Handles and bites an unknown fruit
01/24/2014 07:00:20,07:00:20,Handles and bites an unknown fruit
01/24/2014 07:00:31,07:00:31,Looks under a leaf for insects
01/24/2014 07:00:35,07:00:35,Vandal makes a snake alarm
01/24/2014 07:01:04,07:01:04,Leaves five body lengths of Frankenstein
01/24/2014 07:01:24,07:01:24,Partially out of view of the researchers
01/24/2014 07:01:47,07:01:47,Viceroy and Vlaadimir do an overloard coalition against Opie
01/24/2014 07:01:49,07:01:49,"Opie screams, and Winslow Homer ignores it"
01/24/2014 07:03:34,07:03:34,Looks under a leaf for insects
01/24/2014 07:03:39,07:03:39,Looks under a leaf for insects
01/24/2014 07:03:47,07:03:47,"A monkey machine-gun screams, and Winslow Homer looks"
01/24/2014 07:04:26,07:04:26,Scratches
01/24/2014 07:04:35,07:04:35,Frankenstein approaches within five body lengths
01/24/2014 07:05:23,07:05:23,"Nickel machine-gun screams, and Winslow Homer ignores it"
01/24/2014 07:05:29,07:05:29,Frankenstein approaches within one body length
01/24/2014 07:05:40,07:05:40,Nickel approaches within five body lengths
01/24/2014 07:05:42,07:05:42,Nickel screamy-twitters to Winslow Homer
01/24/2014 07:05:54,07:05:54,Nickel approaches within one body length
01/24/2014 07:06:02,07:06:02,Starts solo play
01/24/2014 07:06:14,07:06:14,Nickel screamy-twitters to Winslow Homer
01/24/2014 07:06:23,07:06:23,Playfully chases Nickel
01/24/2014 07:06:25,07:06:25,Approaches to one body length of Nickel
01/24/2014 07:06:27,07:06:27,Leaves one body length of Frankenstein
01/24/2014 07:06:32,07:06:32,Play-wrestles with Nickel
01/24/2014 07:06:38,07:06:38,Mutual play bite with Nickel
01/24/2014 07:07:06,07:07:06,Play-wrestles
01/24/2014 07:07:29,07:07:29,A monkey makes a bird alarm
01/24/2014 07:07:35,07:07:35,Play-wrestles
01/24/2014 07:07:36,07:07:36,Approaches to one body length of Frankenstein
01/24/2014 07:07:38,07:07:38,Play-wrestles with Frankenstein
01/24/2014 07:08:10,07:08:10,Opie approaches within five body lengths
01/24/2014 07:08:39,07:08:39,Play-wrestles with Frankenstein
01/24/2014 07:08:45,07:08:45,Mutual play-pushes with Frankenstein
01/24/2014 07:08:50,07:08:50,Frankenstein leaps on top of Winslow Homer
01/24/2014 07:09:04,07:09:04,Plays chicken-fight with Frankenstein
01/24/2014 07:09:38,07:09:38,Play-wrestles with Frankenstein
01/24/2014 07:09:55,07:09:55,Followed by Frankenstein
01/24/2014 07:09:59,07:09:59,Play-wrestles with Frankenstein
01/24/2014 07:10:01,07:10:01,Plays chicken-fight with Frankenstein
01/24/2014 07:10:15,07:10:15,Partially out of view of the researchers
01/24/2014 07:11:30,07:11:30,Plays chicken-fight with Frankenstein
01/24/2014 07:11:42,07:11:42,Partially out of view of the researchers
01/24/2014 07:12:03,07:12:03,Frankenstein approaches within one body length
01/24/2014 07:12:05,07:12:05,Play-wrestles with Frankenstein
01/24/2014 07:14:24,07:14:24,Enters a Raspa tree
01/24/2014 07:14:25,07:14:25,Partially out of view of the researchers
01/24/2014 07:14:31,07:14:31,Scratches
01/24/2014 07:14:43,07:14:43,"A monkey screams, and Winslow Homer looks"
01/24/2014 07:14:58,07:14:58,Frankenstein approaches within five body lengths
01/24/2014 07:15:00,07:15:00,Frankenstein shows food interest to Winslow Homer
01/24/2014 07:15:01,07:15:01,Frankenstein approaches within one body length
01/24/2014 07:15:03,07:15:03,Leaves one body length of Frankenstein
01/24/2014 07:15:07,07:15:07,Partially out of view of the researchers
01/24/2014 07:15:18,07:15:18,Leaves the Raspa tree
01/24/2014 07:15:19,07:15:19,Frankenstein approaches within one body length
01/24/2014 07:15:21,07:15:21,Leaves one body length of Frankenstein
01/24/2014 07:15:25,07:15:25,Starts solo play
01/24/2014 07:15:31,07:15:31,Stops solo play
01/24/2014 07:15:36,07:15:36,Dubious approaches within five body lengths
01/24/2014 07:15:38,07:15:38,Twitter vocalization
01/24/2014 07:15:45,07:15:45,Duende makes a “let's go!” vocalization
01/24/2014 07:15:52,07:15:52,Approaches to five body lengths of Duende
01/24/2014 07:15:59,07:15:59,Approaches to five body lengths of Frankenstein
01/24/2014 07:16:09,07:16:09,Approaches to five body lengths of Danger
01/24/2014 07:16:14,07:16:14,Enters a Luchea tree
01/24/2014 07:16:53,07:16:53,Dubious is interested in Bilbo's Luchea fruit
01/24/2014 07:16:56,07:16:56,Handles and bites a Luchea fruit
01/24/2014 07:17:09,07:17:09,Leaves five body lengths of Danger
01/24/2014 07:17:16,07:17:16,Leaves five body lengths of Duende
01/24/2014 07:17:19,07:17:19,Dubious approaches within one body length
01/24/2014 07:17:21,07:17:21,Leaves one body length of Dubious
01/24/2014 07:17:22,07:17:22,Approaches to one body length of Dubious
01/24/2014 07:17:24,07:17:24,Play-wrestles with Dubious
01/24/2014 07:17:32,07:17:32,Mutual play bite with Dubious
01/24/2014 07:17:38,07:17:38,Playfully bites Dubious
01/24/2014 07:17:39,07:17:39,Play-wrestles with Dubious
01/24/2014 07:17:43,07:17:43,Approaches to five body lengths of Bilbo
01/24/2014 07:17:44,07:17:44,Leaves five body lengths of Bilbo
01/24/2014 07:17:52,07:17:52,Leaves five body lengths of Frankenstein
01/24/2014 07:18:06,07:18:06,Shows food interest to Dubious
01/24/2014 07:18:08,07:18:08,Bites a leaf
01/24/2014 07:18:16,07:18:16,Dubious play-lunges at Winslow Homer
01/24/2014 07:18:23,07:18:23,Plays chicken-fight with Dubious
01/24/2014 07:18:51,07:18:51,Play-wrestles with Dubious
01/24/2014 07:19:09,07:19:09,Playfully bites Dubious
01/24/2014 07:19:16,07:19:16,Plays chicken-fight with Dubious
01/24/2014 07:19:23,07:19:23,Viceroy approaches within five body lengths
01/24/2014 07:19:45,07:19:45,Frankenstein and Dubious play chicken fight
01/24/2014 07:19:47,07:19:47,Looks under a leaf for insects
01/24/2014 07:20:00,07:20:00,Looks under a leaf for insects
01/24/2014 07:20:01,07:20:01,Scratches
01/24/2014 07:20:17,07:20:17,Scratches
01/24/2014 07:20:28,07:20:28,Scratches
01/24/2014 07:20:50,07:20:50,Mutual approach to one body length with Viceroy
01/24/2014 07:21:00,07:21:00,Food peep vocalization
01/24/2014 07:21:01,07:21:01,Food peep vocalization
01/24/2014 07:21:09,07:21:09,Approaches to one body length of Viceroy
01/24/2014 07:21:12,07:21:12,Playfully pounces on Viceroy
01/24/2014 07:21:14,07:21:14,Play-wrestles with Viceroy
01/24/2014 07:21:16,07:21:16,Dubious approaches within one body length
01/24/2014 07:21:25,07:21:25,Bilbo approaches within five body lengths
01/24/2014 07:21:26,07:21:26,Bilbo approaches within one body length
01/24/2014 07:21:28,07:21:28,Climbs on top of Bilbo
01/24/2014 07:21:32,07:21:32,Viceroy is interested in Bilbo's Luchea friut
01/24/2014 07:21:33,07:21:33,Twitter vocalization
01/24/2014 07:21:35,07:21:35,Urinates
01/24/2014 07:21:37,07:21:37,Looks at Duende
01/24/2014 07:21:39,07:21:39,Duende approaches within five body lengths
01/24/2014 07:21:43,07:21:43,Duende approaches within one body length
01/24/2014 07:21:46,07:21:46,Makes a twargle vocalization to Duende
01/24/2014 07:21:48,07:21:48,Makes a twargle vocalization to Duende
01/24/2014 07:21:54,07:21:54,Duende approaches within one body length
01/24/2014 07:21:58,07:21:58,Vandal approaches within five body lengths
01/24/2014 07:22:03,07:22:03,Approaches to one body length of Frankenstein
01/24/2014 07:22:06,07:22:06,Frankenstein gargles to Duende
01/24/2014 07:22:08,07:22:08,Friendly-touches Frankenstein
01/24/2014 07:22:10,07:22:10,Leaves five body lengths of Vandal
01/24/2014 07:22:12,07:22:12,Leaves five body lengths of Bilbo
01/24/2014 07:22:14,07:22:14,Leaves five body lengths of Viceroy
01/24/2014 07:22:23,07:22:23,Frankenstein makes a twargle vocalization to Duende
01/24/2014 07:22:28,07:22:28,Approaches to one body length of Dubious
01/24/2014 07:22:36,07:22:36,Approaches to one body length of Dubious
01/24/2014 07:22:37,07:22:37,Approaches to one body length of Frankenstein
01/24/2014 07:22:41,07:22:41,Plays chicken-fight with Frankenstein
01/24/2014 07:22:51,07:22:51,Approaches to five body lengths of Frankenstein
01/24/2014 07:23:09,07:23:09,Scratches
01/24/2014 07:23:10,07:23:10,Leaves one body length of Frankenstein
01/24/2014 07:23:29,07:23:29,Leaves five body lengths of Frankenstein
01/24/2014 07:23:50,07:23:50,Partially out of view of the researchers
01/24/2014 07:24:07,07:24:07,Enters a Luchea tree
01/24/2014 07:24:19,07:24:19,A monkey aggressively shakes a branch
01/24/2014 07:24:41,07:24:41,Handles and bites a Luchea fruit
01/24/2014 07:24:47,07:24:47,Shows food interest in Nickel's Luchea fruit
01/24/2014 07:25:20,07:25:20,"Handles, bites and drops a Luchea fruit"
01/24/2014 07:25:41,07:25:41,Leaves the Luchea tree
01/24/2014 07:25:53,07:25:53,Approaches to five body lengths of Champagne
01/24/2014 07:25:54,07:25:54,Leaves five body lengths of Champagne
01/24/2014 07:26:08,07:26:08,Approaches to five body lengths of Nickel
01/24/2014 07:26:10,07:26:10,Leaves five body lengths of Nickel
01/24/2014 07:26:24,07:26:24,Forages for insects in bark
01/24/2014 07:26:24,07:26:24,Partially out of view of the researchers
01/24/2014 07:26:36,07:26:36,Urinates
01/24/2014 07:27:07,07:27:07,Looks under a leaf for insects
01/24/2014 07:28:47,07:28:47,Approaches to five body lengths of Seiton
01/24/2014 07:28:49,07:28:49,Leaves five body lengths of Seiton
01/24/2014 07:29:05,07:29:05,Approaches to five body lengths of Nickel
01/24/2014 07:29:06,07:29:06,Approaches to one body length of Nickel
01/24/2014 07:29:16,07:29:16,Playfully wrestles with Nickel
01/24/2014 07:29:23,07:29:23,Playfully lunges at Nickel
01/24/2014 07:29:23,07:29:23,Plays chicken-fight with Nickel
01/24/2014 07:29:27,07:29:27,Mutual play bite with Nickel
01/24/2014 07:29:40,07:29:40,Looks under a leaf for insects
01/24/2014 07:29:51,07:29:51,Looks under a leaf for insects
01/24/2014 07:30:05,07:30:05,Approaches to one body length of Nickel
01/24/2014 07:30:12,07:30:12,Leaves five body lengths of Nickel
01/24/2014 07:30:14,07:30:14,Approaches to five body lengths of Duplo
01/24/2014 07:30:24,07:30:24,Approaches to one body length of Duplo
01/24/2014 07:30:51,07:30:51,Shows food interest in Duplo's scorpion
01/24/2014 07:31:03,07:31:03,Climbs on top of Duplo
01/24/2014 07:31:04,07:31:04,Leaves one body length of Duplo
01/24/2014 07:31:21,07:31:21,Handles Duplo's scorpion
01/24/2014 07:31:39,07:31:39,Leaves five body lengths of Duplo
01/24/2014 07:32:03,07:32:03,Duplo approaches within five body lengths
01/24/2014 07:32:12,07:32:12,Scratches
01/24/2014 07:32:13,07:32:13,Approaches to one body length of Duplo
01/24/2014 07:32:15,07:32:15,Leaves five body lengths of Duplo
01/24/2014 07:32:21,07:32:21,Leaves one body length of Duplo
01/24/2014 07:32:23,07:32:23,Leaves five body lengths of Duplo
01/24/2014 07:32:23,07:32:23,Looks under a leaf for insects
01/24/2014 07:32:37,07:32:37,Partially out of view of the researchers
01/24/2014 07:33:03,07:33:03,Looks under a leaf for insects
01/24/2014 07:33:12,07:33:12,Partially out of view of the researchers
01/24/2014 07:33:48,07:33:48,Handles a Hippocrateaceae fruit
01/24/2014 07:34:00,07:34:00,Approaches to five body lengths of Frankenstein
01/24/2014 07:34:04,07:34:04,Looks under a leaf for insects
01/24/2014 07:34:09,07:34:09,Approaches to one body length of Frankenstein
01/24/2014 07:34:22,07:34:22,Approaches to five body lengths of Quidditch
01/24/2014 07:34:24,07:34:24,Approaches to one body length of Quidditch
01/24/2014 07:34:25,07:34:25,Playfully hits Quidditch
01/24/2014 07:34:29,07:34:29,Approaches to one body length of Quidditch
01/24/2014 07:34:31,07:34:31,Playfully pounces on Quidditch
01/24/2014 07:34:35,07:34:35,Approaches to one body length of Quidditch
01/24/2014 07:34:43,07:34:43,Leaves five body lengths of Quidditch
01/24/2014 07:34:52,07:34:52,Approaches to five body lengths of Viceroy
01/24/2014 07:35:00,07:35:00,Looks under a leaf for insects
01/24/2014 07:35:18,07:35:18,Partially out of view of the researchers
01/24/2014 07:35:28,07:35:28,Looks under a leaf for insects
01/24/2014 07:36:03,07:36:03,Looks under a leaf for insects
01/24/2014 07:36:16,07:36:16,Approaches to five body lengths of Monster
01/24/2014 07:36:17,07:36:17,Forages for insects in bark
01/24/2014 07:36:22,07:36:22,Twitters to Monster
01/24/2014 07:36:26,07:36:26,Twitter vocalization
01/24/2014 07:36:27,07:36:27,Twitter vocalization
01/24/2014 07:36:27,07:36:27,Twitter vocalization
01/24/2014 07:36:30,07:36:30,Leaves five body lengths of Monster
01/24/2014 07:36:33,07:36:33,Twitter vocalization
01/24/2014 07:36:35,07:36:35,Twitter vocalization
01/24/2014 07:36:36,07:36:36,Twitter vocalization
01/24/2014 07:36:47,07:36:47,Approaches to five body lengths of Pope John
01/24/2014 07:37:02,07:37:02,Gets an erection
01/24/2014 07:37:04,07:37:04,Twitters to Pope John
01/24/2014 07:37:05,07:37:05,Approaches to one body length of Pope John
01/24/2014 07:37:07,07:37:07,Touches Pope John
01/24/2014 07:37:10,07:37:10,Attempts to nurse from Peeves
01/24/2014 07:37:23,07:37:23,Leaves one body length of Pope John
01/24/2014 07:37:24,07:37:24,Leaves five body lengths of Pope John
01/24/2014 07:37:30,07:37:30,Partially out of view of the researchers
01/24/2014 07:37:47,07:37:47,Looks under a leaf for insects
01/24/2014 07:37:56,07:37:56,Scratches
01/24/2014 07:38:04,07:38:04,Forages for insects in bark
01/24/2014 07:38:30,07:38:30,Looks under a leaf for insects
01/24/2014 07:38:41,07:38:41,Looks under a leaf for insects
01/24/2014 07:39:14,07:39:14,Looks under a leaf for insects
01/24/2014 07:39:32,07:39:32,Urine-rubs
01/24/2014 07:39:33,07:39:33,Social peep vocalization
01/24/2014 07:39:33,07:39:33,Looks under a leaf for insects
01/24/2014 07:39:34,07:39:34,Twitter vocalization
01/24/2014 07:39:37,07:39:37,Urine-rubs
01/24/2014 07:39:51,07:39:51,Twitters to Pope John
01/24/2014 07:39:56,07:39:56,Mutual approach to five body lengths with Pope John
01/24/2014 07:39:57,07:39:57,Approaches to one body length of Pope John
01/24/2014 07:39:59,07:39:59,Follows Pope John
01/24/2014 07:40:00,07:40:00,Friendly-touches Pope John
01/24/2014 07:40:07,07:40:07,Twitters to Pope John
01/24/2014 07:40:08,07:40:08,Twitters to Pope John
01/24/2014 07:40:32,07:40:32,Quidditch approaches within five body lengths
01/24/2014 07:40:41,07:40:41,Partially out of view of the researchers
01/24/2014 07:40:55,07:40:55,Partially out of view of the researchers
01/24/2014 07:41:42,07:41:42,Starts solo play
01/24/2014 07:41:43,07:41:43,Stops solo play
01/24/2014 07:41:45,07:41:45,Leaves five body lengths of Peeves
01/24/2014 07:41:51,07:41:51,Looks under a leaf for insects
01/24/2014 07:41:52,07:41:52,Partially out of view of the researchers
01/24/2014 07:42:09,07:42:09,Looks under a leaf for insects
01/24/2014 07:42:48,07:42:48,"A monkey screams, and Winslow Homer ignores it"
01/24/2014 07:42:57,07:42:57,Looks under a leaf for insects
01/24/2014 07:43:15,07:43:15,Looks under a leaf for insects
01/24/2014 07:43:16,07:43:16,Twitter vocalization
01/24/2014 07:43:19,07:43:19,Peeves approaches within five body lengths
01/24/2014 07:43:21,07:43:21,Scratches
01/24/2014 07:43:23,07:43:23,Twitter vocalization
01/24/2014 07:43:31,07:43:31,Twitter vocalization
01/24/2014 07:43:31,07:43:31,Twitter vocalization
01/24/2014 07:43:33,07:43:33,Peeves approaches within one body length
01/24/2014 07:43:36,07:43:36,Peeves inspects Winslow Homer at close range
01/24/2014 07:43:38,07:43:38,Peeves inspects Winslow Homer at close range
01/24/2014 07:43:50,07:43:50,Peeves inspects Winslow Homer at close range
01/24/2014 07:44:01,07:44:01,Looks under a leaf for insects
01/24/2014 07:44:03,07:44:03,Peeves touches Winslow Homer
01/24/2014 07:44:11,07:44:11,Follows Peeves
01/24/2014 07:44:13,07:44:13,Approaches to one body length of Peeves
01/24/2014 07:44:18,07:44:18,Climbs onto Peeves to ride on his back
01/24/2014 07:44:25,07:44:25,Twitters to Peeves
01/24/2014 07:44:27,07:44:27,Climbs off of Peeves's back 
01/24/2014 07:44:34,07:44:34,Shows food interest to Peeves
01/24/2014 07:44:38,07:44:38,"Takes some of Peeves's food, and Peeves tolerates it"
01/24/2014 07:44:39,07:44:39,Twitters to Peeves
01/24/2014 07:44:41,07:44:41,Leaves one body length of Peeves
01/24/2014 07:44:42,07:44:42,Twitters to Peeves
01/24/2014 07:44:46,07:44:46,Leaves five body lengths of Peeves
01/24/2014 07:44:53,07:44:53,Looks under a leaf for insects
01/24/2014 07:44:57,07:44:57,Frankenstein approaches within five body lengths
01/24/2014 07:44:59,07:44:59,Peeves approaches within five body lengths
01/24/2014 07:45:00,07:45:00,Looks under a leaf for insects
01/24/2014 07:45:05,07:45:05,Looks under a leaf for insects
01/24/2014 07:45:06,07:45:06,Twitter vocalization
01/24/2014 07:45:08,07:45:08,Frankenstein twitters to Winslow Homer
01/24/2014 07:45:11,07:45:11,Frankenstein twitters to Winslow Homer
01/24/2014 07:45:16,07:45:16,Leaves five body lengths of Frankenstein
01/24/2014 07:45:18,07:45:18,Frankenstein approaches within five body lengths
01/24/2014 07:45:19,07:45:19,Leaves five body lengths of Frankenstein
01/24/2014 07:45:21,07:45:21,Frankenstein approaches within five body lengths
01/24/2014 07:45:27,07:45:27,Approaches to five body lengths of Peeves
01/24/2014 07:45:59,07:45:59,Approaches to five body lengths of Bilbo
01/24/2014 07:46:15,07:46:15,Approaches to five body lengths of Peeves
01/24/2014 07:46:23,07:46:23,Leaves five body lengths of Bilbo
01/24/2014 07:46:24,07:46:24,Leaves five body lengths of Peeves
01/24/2014 07:46:33,07:46:33,Bilbo approaches within one body length
01/24/2014 07:46:44,07:46:44,Looks under a leaf for insects
01/24/2014 07:47:02,07:47:02,Looks under a leaf for insects
01/24/2014 07:47:16,07:47:16,Looks under a leaf for insects
01/24/2014 07:47:31,07:47:31,Twitter vocalization
01/24/2014 07:47:42,07:47:42,Twitter vocalization
01/24/2014 07:48:01,07:48:01,Chicken-fights alone
01/24/2014 07:48:27,07:48:27,Looks under a leaf for insects
01/24/2014 07:48:28,07:48:28,Food peep vocalization
01/24/2014 07:48:40,07:48:40,Forages for insects in bark
01/24/2014 07:48:57,07:48:57,Dali approaches within five body lengths
01/24/2014 07:49:02,07:49:02,Leaves five body lengths of Dali
01/24/2014 07:49:04,07:49:04,Approaches to five body lengths of Vermeer
01/24/2014 07:49:09,07:49:09,Approaches to one body length of Vermeer
01/24/2014 07:49:10,07:49:10,Looks under a leaf for insects
01/24/2014 07:49:28,07:49:28,Looks under a leaf for insects
01/24/2014 07:49:56,07:49:56,Approaches to five body lengths of Bilbo
01/24/2014 07:49:56,07:49:56,Scratches
01/24/2014 07:50:26,07:50:26,"Vermeer makes and undulating scream, and Winslow Homer looks"
01/24/2014 07:50:39,07:50:39,"Vermeer makes and undulating scream, and Winslow Homer looks"
01/24/2014 07:50:57,07:50:57,Vermeer approaches within five body lengths
01/24/2014 07:50:59,07:50:59,Leaves five body lengths of Vermeer
01/24/2014 07:51:08,07:51:08,Looks under a leaf for insects
01/24/2014 07:51:30,07:51:30,Twitter vocalization
01/24/2014 07:51:36,07:51:36,Twitter vocalization
01/24/2014 07:51:37,07:51:37,Twitter vocalization
01/24/2014 07:51:38,07:51:38,Approaches to five body lengths of Dali
01/24/2014 07:51:41,07:51:41,Approaches to one body length of Dali
01/24/2014 07:51:44,07:51:44,Nurses from Dali
01/24/2014 07:51:46,07:51:46,Dali grooms Winslow Homer
01/24/2014 07:51:53,07:51:53,Twitters to Dali
01/24/2014 07:51:54,07:51:54,Twitters to Dali
01/24/2014 07:51:55,07:51:55,Twitters to Dali
01/24/2014 07:51:58,07:51:58,Dali stops grooming Winslow Homer
01/24/2014 07:52:02,07:52:02,Dali grooms Winslow Homer
01/24/2014 07:52:35,07:52:35,Stops nursing from Dali
01/24/2014 07:52:36,07:52:36,Dali stops grooming Winslow Homer
01/24/2014 07:53:24,07:53:24,Scratches
01/24/2014 07:53:47,07:53:47,Vandal approaches within five body lengths
01/24/2014 07:54:12,07:54:12,Leaves five body lengths of Vandal
01/24/2014 07:54:36,07:54:36,Looks under a leaf for insects
01/24/2014 07:54:40,07:54:40,Looks at Vandal
01/24/2014 07:54:56,07:54:56,Urinates
01/24/2014 07:55:13,07:55:13,Approaches to five body lengths of Vandal
01/24/2014 07:55:37,07:55:37,Approaches to five body lengths of Duende
01/24/2014 07:55:42,07:55:42,Scratches
01/24/2014 07:55:47,07:55:47,Looks under a leaf for insects
01/24/2014 07:55:59,07:55:59,Handles and ingests an insect
01/24/2014 07:56:03,07:56:03,Scratches
01/24/2014 07:56:07,07:56:07,Vermeer approaches within five body lengths
01/24/2014 07:56:15,07:56:15,Looks under a leaf for insects
01/24/2014 07:56:28,07:56:28,Scratches
01/24/2014 07:56:41,07:56:41,Looks under a leaf for insects
01/24/2014 07:56:46,07:56:46,"Opie screams at Tom Jerry, and Winslow Homer looks"
01/24/2014 07:57:03,07:57:03,Approaches to five body lengths of Duplo
01/24/2014 07:57:13,07:57:13,Approaches to one body length of Duplo
01/24/2014 07:57:17,07:57:17,Follows Duplo
01/24/2014 07:57:19,07:57:19,Leaves one body length of Duplo
01/24/2014 07:57:26,07:57:26,Approaches to five body lengths of Viceroy
01/24/2014 07:57:30,07:57:30,Frankenstein approaches within five body lengths
01/24/2014 07:57:32,07:57:32,Frankenstein approaches within one body length
01/24/2014 07:57:32,07:57:32,Looks in a hole for food
01/24/2014 07:57:37,07:57:37,Duplo approaches within one body length
01/24/2014 07:58:29,07:58:29,Twitter vocalization
01/24/2014 07:58:36,07:58:36,Forages for insects in bark
01/24/2014 07:58:37,07:58:37,Partially out of view of the researchers
01/24/2014 07:58:46,07:58:46,Leaves one body length of Viceroy
01/24/2014 07:58:51,07:58:51,Looks under a leaf for insects
01/24/2014 07:58:55,07:58:55,Looks under a leaf for insects
01/24/2014 07:59:02,07:59:02,Frankenstein approaches within five body lengths
01/24/2014 07:59:20,07:59:20,Scratches
01/24/2014 07:59:23,07:59:23,Approaches to five body lengths of Frankenstein
01/24/2014 07:59:25,07:59:25,Approaches to one body length of Frankenstein
01/24/2014 07:59:27,07:59:27,Leaves one body length of Frankenstein
01/24/2014 07:59:30,07:59:30,"A monkey screams, and Winslow Homer ignores it"
01/24/2014 07:59:31,07:59:31,Scratches
01/24/2014 07:59:50,07:59:50,Leaves five body lengths of Frankenstein
01/24/2014 08:00:19,08:00:19,Looks under a leaf for insects
01/24/2014 08:00:20,08:00:20,Forages for insects in bark
01/24/2014 08:00:27,08:00:27,Food peep vocalization
01/24/2014 08:00:50,08:00:50,Food peep vocalization
01/24/2014 08:00:58,08:00:58,Sniffs a leaf
01/24/2014 08:01:20,08:01:20,Viceroy approaches within five body lengths
01/24/2014 08:01:22,08:01:22,Looks at Viceroy
01/24/2014 08:01:24,08:01:24,Approaches to one body length of Viceroy
01/24/2014 08:01:25,08:01:25,Looks in a hole for food
01/24/2014 08:01:37,08:01:37,Vermeer supplants Winslow Homer on some bark
01/24/2014 08:01:39,08:01:39,Leaves one body length of Viceroy
01/24/2014 08:01:40,08:01:40,Leaves five body lengths of Viceroy
01/24/2014 08:01:53,08:01:53,Approaches to five body lengths of Dali
01/24/2014 08:02:02,08:02:02,Sniffs a leaf
01/24/2014 08:02:32,08:02:32,Forages for insects in bark
01/24/2014 08:02:32,08:02:32,Forages for insects in bark
01/24/2014 08:02:33,08:02:33,Looks under a leaf for insects
01/24/2014 08:02:36,08:02:36,Forages for insects in bark
01/24/2014 08:03:20,08:03:20,Twitter vocalization
01/24/2014 08:03:24,08:03:24,Self-grooms
01/24/2014 08:03:55,08:03:55,Looks under a leaf for insects
01/24/2014 08:04:24,08:04:24,Looks under a leaf for insects
01/24/2014 08:04:29,08:04:29,Looks under a leaf for insects
01/24/2014 08:04:45,08:04:45,Scratches
01/24/2014 08:04:56,08:04:56,Approaches to five body lengths of Dali
01/24/2014 08:05:04,08:05:04,Approaches to one body length of Dali
01/24/2014 08:05:09,08:05:09,Shows food interest in Dali's insect
01/24/2014 08:05:24,08:05:24,Forages for insects in bark
01/24/2014 08:05:31,08:05:31,Scratches
01/24/2014 08:05:50,08:05:50,Viceroy approaches within five body lengths
01/24/2014 08:05:51,08:05:51,Mutual approach to one body length with Viceroy
01/24/2014 08:05:53,08:05:53,Leaves one body length of Viceroy
01/24/2014 08:05:53,08:05:53,Looks under a leaf for insects
01/24/2014 08:05:57,08:05:57,Approaches to five body lengths of Dali
01/24/2014 08:06:07,08:06:07,Looks under a leaf for insects
01/24/2014 08:06:26,08:06:26,Looks under a leaf for insects
01/24/2014 08:06:37,08:06:37,Looks under a leaf for insects
01/24/2014 08:06:53,08:06:53,Looks under a leaf for insects
01/24/2014 08:07:00,08:07:00,Bilbo approaches within five body lengths
01/24/2014 08:07:06,08:07:06,Danger makes an open-mouth threat to Bilbo
01/24/2014 08:07:08,08:07:08,Bilbo fear grins to Danger
01/24/2014 08:07:14,08:07:14,Approaches to one body length of Bilbo
01/24/2014 08:07:22,08:07:22,Handles and ingests an insect
01/24/2014 08:07:31,08:07:31,Scratches
01/24/2014 08:07:37,08:07:37,Scratches
01/24/2014 08:07:45,08:07:45,Duplo approaches within five body lengths
01/24/2014 08:07:52,08:07:52,Scratches
01/24/2014 08:08:08,08:08:08,"A monkey makes an alarm call, and Winslow Homer looks"
01/24/2014 08:08:12,08:08:12,Self-grooms
01/24/2014 08:08:57,08:08:57,Scratches
01/24/2014 08:09:08,08:09:08,Looks under a leaf for insects
01/24/2014 08:09:32,08:09:32,Approaches to five body lengths of Duplo
01/24/2014 08:09:51,08:09:51,Self-grooms
01/24/2014 08:10:08,08:10:08,"A monkey makes a squeak threat, and Winslow Homer looks"
01/24/2014 08:10:35,08:10:35,Partially out of view of the researchers
01/24/2014 08:11:40,08:11:40,Looks under a leaf for insects
01/24/2014 08:11:53,08:11:53,Looks under a leaf for insects
01/24/2014 08:12:11,08:12:11,Seiton approaches within five body lengths
01/24/2014 08:12:14,08:12:14,Scratches
01/24/2014 08:12:23,08:12:23,Vermeer approaches within five body lengths
01/24/2014 08:12:30,08:12:30,Vermeer approaches within one body length
01/24/2014 08:12:43,08:12:43,Looks under a leaf for insects
01/24/2014 08:12:49,08:12:49,Looks under a leaf for insects
01/24/2014 08:13:15,08:13:15,Looks under a leaf for insects
01/24/2014 08:13:34,08:13:34,Seiton approaches within five body lengths
01/24/2014 08:13:43,08:13:43,Mutual approach to five body lengths with Seiton
01/24/2014 08:13:53,08:13:53,Looks under a leaf for insects
01/24/2014 08:14:11,08:14:11,Seiton approaches within one body length
01/24/2014 08:14:21,08:14:21,Duplo approaches within one body length
01/24/2014 08:14:51,08:14:51,Looks under a leaf for insects
01/24/2014 08:14:59,08:14:59,Approaches to five body lengths of Duplo
01/24/2014 08:15:19,08:15:19,Looks under a leaf for insects
01/24/2014 08:15:46,08:15:46,Looks in a hole for food
01/24/2014 08:15:52,08:15:52,Forages for insects in bark
01/24/2014 08:15:53,08:15:53,Scratches
01/24/2014 08:16:14,08:16:14,Forages for insects in bark
01/24/2014 08:16:23,08:16:23,Scratches
01/24/2014 08:16:29,08:16:29,Scratches
01/24/2014 08:16:54,08:16:54,Scratches
01/24/2014 08:17:16,08:17:16,Looks under a leaf for insects
01/24/2014 08:17:19,08:17:19,Looks under a leaf for insects
01/24/2014 08:17:23,08:17:23,Looks under a leaf for insects
01/24/2014 08:17:35,08:17:35,Looks under a leaf for insects
01/24/2014 08:17:45,08:17:45,Looks under a leaf for insects
01/24/2014 08:17:56,08:17:56,Approaches to five body lengths of Duplo
01/24/2014 08:18:02,08:18:02,Urinates
01/24/2014 08:18:36,08:18:36,Duplo approaches within five body lengths
01/24/2014 08:18:39,08:18:39,Looks at Duplo
01/24/2014 08:18:46,08:18:46,Looks under a leaf for insects
01/24/2014 08:18:48,08:18:48,Looks at Duplo
01/24/2014 08:19:01,08:19:01,Enters a Rubiaceae tree
01/24/2014 08:19:04,08:19:04,Handles and bites a Liana fruit
01/24/2014 08:19:31,08:19:31,Twitters to Duplo
01/24/2014 08:19:33,08:19:33,Twitter vocalization
01/24/2014 08:19:35,08:19:35,Duplo approaches within five body lengths
01/24/2014 08:20:20,08:20:20,Handles and bites a Liana fruit
01/24/2014 08:20:51,08:20:51,Handles and breaks a Liana fruit
01/24/2014 08:20:53,08:20:53,Looks under a leaf for insects
01/24/2014 08:21:26,08:21:26,Handles and bites a Liana fruit
01/24/2014 08:21:38,08:21:38,Handles and bites a Liana fruit
01/24/2014 08:21:45,08:21:45,"A monkey makes a 1-syllable lost call, and Winslow Homer ignores"
01/24/2014 08:22:28,08:22:28,Looks under a leaf for insects
01/24/2014 08:22:52,08:22:52,Handles and bites a Liana fruit
01/24/2014 08:22:58,08:22:58,"A monkey makes a 1-syllable lost call, and Winslow Homer ignores"
01/24/2014 08:23:35,08:23:35,Handles and bites a Liana fruit
01/24/2014 08:23:58,08:23:58,Handles and bites a Liana fruit
01/24/2014 08:23:59,08:23:59,Leaves the Liana tree
01/24/2014 08:24:02,08:24:02,Partially out of view of the researchers
01/24/2014 08:24:07,08:24:07,Twitter vocalization
01/24/2014 08:24:43,08:24:43,Handles and bites a Liana fruit
01/24/2014 08:24:45,08:24:45,Food peep vocalization
01/24/2014 08:25:11,08:25:11,Handles and bites a Liana fruit
01/24/2014 08:25:12,08:25:12,Food peep vocalization
01/24/2014 08:25:17,08:25:17,Food peep vocalization
01/24/2014 08:25:20,08:25:20,Twitter vocalization
01/24/2014 08:25:42,08:25:42,Food peep vocalization
01/24/2014 08:26:07,08:26:07,Handles and bites a Liana fruit
01/24/2014 08:26:08,08:26:08,Scratches
01/24/2014 08:26:17,08:26:17,Food peep vocalization
01/24/2014 08:26:29,08:26:29,Partially out of view of the researchers
01/24/2014 08:26:39,08:26:39,Twitter vocalization
01/24/2014 08:27:32,08:27:32,"Handles, bites, and ingests a Liana fruit"
01/24/2014 08:27:33,08:27:33,Food peep vocalization
01/24/2014 08:27:44,08:27:44,Food peep vocalization
01/24/2014 08:28:02,08:28:02,Leaves the Liana tree
01/24/2014 08:28:10,08:28:10,Approaches to five body lengths of Quasimono
01/24/2014 08:29:13,08:29:13,Looks under a leaf for insects
01/24/2014 08:29:14,08:29:14,Looks under a leaf for insects
01/24/2014 08:30:00,08:30:00,Handles and ingests an insect
01/24/2014 08:30:08,08:30:08,Leaves five body lengths of Quasimono
01/24/2014 08:30:37,08:30:37,Looks at Jim (a researcher)
01/24/2014 08:30:39,08:30:39,Food peep vocalization
01/24/2014 08:31:32,08:31:32,Looks under a leaf for insects
01/24/2014 08:32:23,08:32:23,Monster approaches within five body lengths
01/24/2014 08:32:31,08:32:31,Scratches
01/24/2014 08:32:36,08:32:36,Twitter vocalization
01/24/2014 08:32:49,08:32:49,Approaches to five body lengths of Monster
01/24/2014 08:32:59,08:32:59,Looks under a leaf for insects
01/24/2014 08:33:01,08:33:01,Twitter vocalization
01/24/2014 08:33:02,08:33:02,Approaches to one body length of Monster
01/24/2014 08:33:04,08:33:04,Twitters to Monster
01/24/2014 08:33:10,08:33:10,Twitter vocalization
01/24/2014 08:33:10,08:33:10,Twitter vocalization
01/24/2014 08:33:19,08:33:19,Twitter vocalization
01/24/2014 08:33:20,08:33:20,Twitter vocalization
01/24/2014 08:33:28,08:33:28,"Takes some of Monster's food, and Monster tolerates it"
01/24/2014 08:33:58,08:33:58,Handles and ingests an unknown fruit
01/24/2014 08:37:18,08:37:18,Looks under a leaf for insects
01/24/2014 08:37:22,08:37:22,Approaches to five body lengths of Duplo
01/24/2014 08:37:26,08:37:26,Looks under a leaf for insects
01/24/2014 08:37:34,08:37:34,Approaches to five body lengths of Duplo
01/24/2014 08:37:40,08:37:40,Vermeer approaches within five body lengths
01/24/2014 08:37:40,08:37:40,Leaves five body lengths of Vermeer
01/24/2014 08:38:01,08:38:01,Leaves one body length of Vermeer
01/24/2014 08:38:03,08:38:03,Approaches to five body lengths of Tom Jerry
01/24/2014 08:38:24,08:38:24,Looks under a leaf for insects
01/24/2014 08:38:27,08:38:27,Approaches to one body length of Vermeer
01/24/2014 08:38:28,08:38:28,Tom Jerry approaches within one body length
01/24/2014 08:38:33,08:38:33,Looks under a leaf for insects
01/24/2014 08:38:36,08:38:36,Leaves one body length of Vermeer
01/24/2014 08:38:46,08:38:46,Twitter vocalization
01/24/2014 08:38:47,08:38:47,Looks under a leaf for insects
01/24/2014 08:39:03,08:39:03,Looks under a leaf for insects
01/24/2014 08:39:14,08:39:14,Looks under a leaf for insects
01/24/2014 08:39:30,08:39:30,Approaches to five body lengths of Dali
01/24/2014 08:39:31,08:39:31,Looks under a leaf for insects
01/24/2014 08:39:35,08:39:35,Twitter vocalization
01/24/2014 08:39:38,08:39:38,Scratches
01/24/2014 08:39:45,08:39:45,Looks under a leaf for insects
01/24/2014 08:39:49,08:39:49,Looks under a leaf for insects
01/24/2014 08:39:59,08:39:59,Approaches to one body length of Dali
01/24/2014 08:40:03,08:40:03,Vermeer approaches within five body lengths
01/24/2014 08:40:04,08:40:04,Twitter vocalization
01/24/2014 08:40:09,08:40:09,Leaves five body lengths of Vermeer
01/24/2014 08:40:17,08:40:17,Looks at Quasimono
01/24/2014 08:40:37,08:40:37,Vermeer approaches within five body lengths
01/24/2014 08:40:47,08:40:47,Leaves five body lengths of Quasimono
01/24/2014 08:40:48,08:40:48,Approaches to five body lengths of Dali
01/24/2014 08:40:53,08:40:53,Partially out of view of the researchers
01/24/2014 08:41:00,08:41:00,Scratches
01/24/2014 08:41:06,08:41:06,Quasimono approaches within five body lengths
01/24/2014 08:41:08,08:41:08,Leaves five body lengths of Quasimono
01/24/2014 08:41:10,08:41:10,Leaves five body lengths of Dali
01/24/2014 08:41:26,08:41:26,Dali approaches within five body lengths
01/24/2014 08:41:30,08:41:30,Looks at Dali
01/24/2014 08:41:38,08:41:38,Enters an Acacia patch
01/24/2014 08:41:43,08:41:43,Leaves an the Acacia patch
01/24/2014 08:41:45,08:41:45,Dali approaches within one body length
01/24/2014 08:41:48,08:41:48,Twitters to Dali
01/24/2014 08:41:56,08:41:56,Quasimono approaches within five body lengths
01/24/2014 08:42:17,08:42:17,Leaves five body lengths of Quasimono
01/24/2014 08:42:21,08:42:21,Looks in a hole for food
01/24/2014 08:42:45,08:42:45,Scratches
01/24/2014 08:42:49,08:42:49,Dali approaches within one body length
01/24/2014 08:42:55,08:42:55,Frankenstein approaches within five body lengths
01/24/2014 08:42:57,08:42:57,Mutual approach to one body length with Frankenstein
01/24/2014 08:43:00,08:43:00,"A monkey makes a 2-syllable lost call, and Winslow Homer ignores"
01/24/2014 08:43:04,08:43:04,Leaves one body length of Frankenstein
01/24/2014 08:43:20,08:43:20,Approaches to five body lengths of Peeves
01/24/2014 08:43:26,08:43:26,Leaves five body lengths of Peeves
01/24/2014 08:43:27,08:43:27,Leaves five body lengths of Frankenstein
01/24/2014 08:43:33,08:43:33,Approaches to five body lengths of Duende
01/24/2014 08:43:33,08:43:33,Approaches to one body length of Duende
01/24/2014 08:43:36,08:43:36,Follows Duende
01/24/2014 08:43:51,08:43:51,"A monkey makes a 2-syllable lost call, and Winslow Homer ignores"
01/24/2014 08:43:54,08:43:54,"A monkey makes a 1-syllable lost call, and Winslow Homer ignores"
01/24/2014 08:44:09,08:44:09,Leaves an the Acacia patch
01/24/2014 08:44:14,08:44:14,Food peep vocalization
01/24/2014 08:44:36,08:44:36,"A monkey makes a bird alarm, Winslow Homer ignores"
01/24/2014 08:44:39,08:44:39,Enters an Acacia patch
01/24/2014 08:44:47,08:44:47,Scratches
01/24/2014 08:44:49,08:44:49,Leaves an the Acacia patch
01/24/2014 08:45:10,08:45:10,Scratches
01/24/2014 08:45:11,08:45:11,Looks under a leaf for insects
01/24/2014 08:45:20,08:45:20,Scratches
01/24/2014 08:45:38,08:45:38,"A monkey makes a 2-syllable lost call, and Winslow Homer ignores"
01/24/2014 08:45:53,08:45:53,Approaches to five body lengths of Duende
01/24/2014 08:45:55,08:45:55,Approaches to one body length of Duende
01/24/2014 08:45:56,08:45:56,Leaves one body length of Duende
01/24/2014 08:45:57,08:45:57,Approaches to five body lengths of Peeves
01/24/2014 08:45:59,08:45:59,Approaches to five body lengths of Frankenstein
01/24/2014 08:45:59,08:45:59,Scratches
01/24/2014 08:46:02,08:46:02,Looks at Peeves
01/24/2014 08:46:03,08:46:03,Peeves approaches within one body length
01/24/2014 08:46:12,08:46:12,Sniffs a branch
01/24/2014 08:46:14,08:46:14,Dubious approaches within five body lengths
01/24/2014 08:46:28,08:46:28,Scratches
01/24/2014 08:46:31,08:46:31,Dubious approaches within one body length
01/24/2014 08:46:32,08:46:32,Scratches
01/24/2014 08:46:36,08:46:36,Friendly-touches Dubious
01/24/2014 08:46:38,08:46:38,Frankenstein approaches within one body length
01/24/2014 08:46:45,08:46:45,Frankenstein play-hits Winslow Homer
01/24/2014 08:47:05,08:47:05,Scratches
01/24/2014 08:47:09,08:47:09,Looks at Susan (a researcher)
01/24/2014 08:47:17,08:47:17,A monkey makes a 1-syllable lost call
01/24/2014 08:48:01,08:48:01,Approaches to five body lengths of Dubious
01/24/2014 08:48:04,08:48:04,Leaves five body lengths of Dubious
01/24/2014 08:48:08,08:48:08,Approaches to five body lengths of Dante
01/24/2014 08:48:08,08:48:08,Frankenstein approaches within five body lengths
01/24/2014 08:48:11,08:48:11,Approaches to one body length of Frankenstein
01/24/2014 08:48:14,08:48:14,Leaves one body length of Frankenstein
01/24/2014 08:48:18,08:48:18,Partially out of view of the researchers
01/24/2014 08:48:52,08:48:52,"Handles a wasp nest, and drops it"
01/24/2014 08:48:59,08:48:59,Approaches to five body lengths of Duende
01/24/2014 08:49:06,08:49:06,Looks under a leaf for insects
01/24/2014 08:49:41,08:49:41,Looks at Duende
01/24/2014 08:50:06,08:50:06,Looks under a leaf for insects
01/24/2014 08:50:27,08:50:27,Looks under a leaf for insects
01/24/2014 08:50:31,08:50:31,Looks under a leaf for insects
01/24/2014 08:50:42,08:50:42,Grabs an insect
01/24/2014 08:50:44,08:50:44,Approaches to five body lengths of Duende
01/24/2014 08:50:46,08:50:46,Approaches to one body length of Duende
01/24/2014 08:51:00,08:51:00,Looks at Duende
01/24/2014 08:51:21,08:51:21,Looks at Duende
01/24/2014 08:51:35,08:51:35,Looks at Duende
01/24/2014 08:51:45,08:51:45,"Duende aggressively shakes a branch, and Winslow Homer looks"
01/24/2014 08:52:08,08:52:08,"Duende aggressively shakes a branch, and Winslow Homer looks"
01/24/2014 08:52:13,08:52:13,Scratches
01/24/2014 08:52:16,08:52:16,Scratches
01/24/2014 08:52:29,08:52:29,Looks under a leaf for insects
01/24/2014 08:52:37,08:52:37,Approaches to five body lengths of Dubious
01/24/2014 08:52:40,08:52:40,Mutual approach to one body length with Dubious
01/24/2014 08:53:00,08:53:00,Leaves one body length of Dubious
01/24/2014 08:53:07,08:53:07,Leaves five body lengths of Dubious
01/24/2014 08:53:13,08:53:13,Looks under a leaf for insects
01/24/2014 08:53:19,08:53:19,Looks under a leaf for insects
01/24/2014 08:53:22,08:53:22,Looks under a leaf for insects
01/24/2014 08:53:38,08:53:38,Looks under a leaf for insects
01/24/2014 08:53:39,08:53:39,Looks under a leaf for insects
01/24/2014 08:53:39,08:53:39,Looks under a leaf for insects
01/24/2014 08:53:51,08:53:51,"A monkey machine-gun screams, and Winslow Homer ignores it"
01/24/2014 08:54:35,08:54:35,Looks under a leaf for insects
01/24/2014 08:55:44,08:55:44,"Peeves yelps to Picasso, Winslow Homer ignores"
01/24/2014 08:56:13,08:56:13,Forages for insects in bark
01/24/2014 08:56:17,08:56:17,Dante approaches within five body lengths
01/24/2014 08:56:20,08:56:20,Dali approaches within five body lengths
01/24/2014 08:56:24,08:56:24,Looks at Dali
01/24/2014 08:56:33,08:56:33,Duplo approaches within five body lengths
01/24/2014 08:56:45,08:56:45,Scratches
01/24/2014 08:57:04,08:57:04,Looks under a leaf for insects
01/24/2014 08:57:29,08:57:29,Forages for insects in bark
01/24/2014 08:58:21,08:58:21,Nickel approaches within five body lengths
01/24/2014 08:58:46,08:58:46,Looks at Dali
01/24/2014 08:58:54,08:58:54,Looks under a leaf for insects
01/24/2014 08:59:26,08:59:26,Approaches to five body lengths of Picasso
01/24/2014 08:59:33,08:59:33,Approaches to one body length of Picasso
01/24/2014 08:59:34,08:59:34,Twitter vocalization
01/24/2014 08:59:35,08:59:35,Twitter vocalization
01/24/2014 08:59:36,08:59:36,Picasso touches Winslow Homer
01/24/2014 08:59:43,08:59:43,Leaves one body length of Picasso
01/24/2014 08:59:57,08:59:57,Approaches to five body lengths of Dubious
01/24/2014 09:00:02,09:00:02,Looks under a leaf for insects
01/24/2014 09:00:03,09:00:03,Looks under a leaf for insects
01/24/2014 09:00:17,09:00:17,Looks under a leaf for insects
01/24/2014 09:00:20,09:00:20,Dubious approaches within one body length
01/24/2014 09:00:37,09:00:37,Looks under a leaf for insects
01/24/2014 09:00:38,09:00:38,Looks under a leaf for insects
01/24/2014 09:00:57,09:00:57,Looks under a leaf for insects
01/24/2014 09:01:02,09:01:02,Looks under a leaf for insects
01/24/2014 09:01:08,09:01:08,Looks under a leaf for insects
01/24/2014 09:01:41,09:01:41,Peeves approaches within five body lengths
01/24/2014 09:01:43,09:01:43,Frankenstein approaches within five body lengths
01/24/2014 09:02:12,09:02:12,A monkey screams
01/24/2014 09:02:16,09:02:16,"A monkey screams, and Winslow Homer looks"
01/24/2014 09:02:21,09:02:21,Scratches
01/24/2014 09:02:26,09:02:26,Scratches
01/24/2014 09:02:41,09:02:41,Twitter vocalization
01/24/2014 09:02:46,09:02:46,Scratches
01/24/2014 09:03:04,09:03:04,Looks under a leaf for insects
01/24/2014 09:03:13,09:03:13,Twitter vocalization
01/24/2014 09:03:19,09:03:19,Frankenstein nurses from Monster
01/24/2014 09:03:20,09:03:20,Looks under a leaf for insects
01/24/2014 09:03:21,09:03:21,Looks under a leaf for insects
01/24/2014 09:03:47,09:03:47,Twitter vocalization
01/24/2014 09:04:03,09:04:03,Looks under a leaf for insects
01/24/2014 09:04:10,09:04:10,"A monkey machine-gun screams, and Winslow Homer ignores it"
01/24/2014 09:04:11,09:04:11,Looks under a leaf for insects
01/24/2014 09:04:24,09:04:24,Frankenstein approaches within five body lengths
01/24/2014 09:04:32,09:04:32,Picasso aggressively lunges at Dubious
01/24/2014 09:04:43,09:04:43,Dubious screams at Picasso
01/24/2014 09:04:47,09:04:47,Frankenstein approaches within one body length
01/24/2014 09:04:49,09:04:49,Looks under a leaf for insects
01/24/2014 09:04:50,09:04:50,Frankenstein approaches within one body length
01/24/2014 09:04:56,09:04:56,Scratches
01/24/2014 09:05:08,09:05:08,Twitter vocalization
01/24/2014 09:05:14,09:05:14,Twitter vocalization
01/24/2014 09:05:20,09:05:20,Climbs on top of Frankenstein
01/24/2014 09:05:23,09:05:23,Plays chicken-fight with Frankenstein
01/24/2014 09:05:28,09:05:28,Mutual play bite with Frankenstein
01/24/2014 09:05:39,09:05:39,Leaves one body length of Frankenstein
01/24/2014 09:05:48,09:05:48,Looks under a leaf for insects
01/24/2014 09:06:11,09:06:11,Approaches to five body lengths of Frankenstein
01/24/2014 09:06:17,09:06:17,Rubs his nose on a branch
01/24/2014 09:06:21,09:06:21,Scratches
01/24/2014 09:06:38,09:06:38,Looks under a leaf for insects
01/24/2014 09:06:43,09:06:43,Mutual approach to one body length with Frankenstein
01/24/2014 09:06:52,09:06:52,Partially out of view of the researchers
01/24/2014 09:06:55,09:06:55,Sniffs Frankenstein
01/24/2014 09:07:15,09:07:15,Sticks tongue out
01/24/2014 09:07:22,09:07:22,Sniffs Frankenstein
01/24/2014 09:07:25,09:07:25,Sticks tongue out
01/24/2014 09:07:29,09:07:29,Friendly hug with Frankenstein
01/24/2014 09:08:06,09:08:06,Approaches to five body lengths of Frankenstein
01/24/2014 09:08:12,09:08:12,Leaves five body lengths of Frankenstein
01/24/2014 09:08:39,09:08:39,Twitter vocalization
01/24/2014 09:08:54,09:08:54,Twitter vocalization
01/24/2014 09:09:16,09:09:16,Bites a leaf
01/24/2014 09:09:34,09:09:34,Twitter vocalization
01/24/2014 09:09:35,09:09:35,Twitter vocalization
01/24/2014 09:09:39,09:09:39,Twitter vocalization
01/24/2014 09:09:57,09:09:57,Twitter vocalization
01/24/2014 09:10:01,09:10:01,Approaches to five body lengths of Dali
01/24/2014 09:10:02,09:10:02,Twitter vocalization
01/24/2014 09:10:06,09:10:06,Twitters to Dali
01/24/2014 09:10:08,09:10:08,Approaches to one body length of Dali
01/24/2014 09:10:10,09:10:10,Friendly-touches Dali
01/24/2014 09:10:15,09:10:15,Nurses from Dali
01/24/2014 09:10:17,09:10:17,Twitters to Dali
01/24/2014 09:10:17,09:10:17,Twitters to Dali
01/24/2014 09:10:17,09:10:17,Twitters to Dali
01/24/2014 09:10:21,09:10:21,Twitters to Dali
01/24/2014 09:11:13,09:11:13,Stops nursing from Dali
01/24/2014 09:11:13,09:11:13,Shows food interest in Dali's Rubiaceae fruit
01/24/2014 09:11:17,09:11:17,Scratches
01/24/2014 09:11:27,09:11:27,Quasimono approaches within five body lengths
01/24/2014 09:11:35,09:11:35,Dubious approaches within five body lengths
01/24/2014 09:11:37,09:11:37,Mutual approach to one body length with Quasimono
01/24/2014 09:12:30,09:12:30,Approaches to five body lengths of Dali
01/24/2014 09:12:39,09:12:39,Approaches to one body length of Dali
01/24/2014 09:12:41,09:12:41,Shows food interest in Dali's Rubiaceae fruit
01/24/2014 09:12:50,09:12:50,Frankenstein approaches within five body lengths
01/24/2014 09:12:51,09:12:51,Frankenstein approaches within one body length
01/24/2014 09:12:52,09:12:52,Sniffs Dali
01/24/2014 09:13:16,09:13:16,Shows food interest in Dali's Rubiaceae fruit
01/24/2014 09:13:31,09:13:31,Sniffs a leaf
01/24/2014 09:13:46,09:13:46,Vermeer approaches within five body lengths
01/24/2014 09:13:47,09:13:47,Vermeer approaches within one body length
01/24/2014 09:13:52,09:13:52,Leaves five body lengths of Vermeer
01/24/2014 09:14:06,09:14:06,Looks under a leaf for insects
01/24/2014 09:14:07,09:14:07,Approaches to one body length of Frankenstein
01/24/2014 09:14:12,09:14:12,Shows food interest in Frankenstein's pod
01/24/2014 09:15:26,09:15:26,Open-mouth threat at a lizard
01/24/2014 09:15:43,09:15:43,Does an overlord coalition with Quasimono against a lizard
01/24/2014 09:15:47,09:15:47,Sticks tongue out
01/24/2014 09:15:58,09:15:58,Twitter vocalization
01/24/2014 09:16:00,09:16:00,Twitter vocalization
01/24/2014 09:16:05,09:16:05,Twitter vocalization
01/24/2014 09:16:06,09:16:06,Twitter vocalization
01/24/2014 09:16:07,09:16:07,Twitter vocalization
01/24/2014 09:16:10,09:16:10,Twitter vocalization
01/24/2014 09:16:22,09:16:22,Quasimono touches Winslow Homer
01/24/2014 09:16:23,09:16:23,Sticks tongue out
01/24/2014 09:16:30,09:16:30,Sticks tongue out
01/24/2014 09:16:33,09:16:33,Forages for insects in bark
01/24/2014 09:16:33,09:16:33,Sticks tongue out
01/24/2014 09:16:37,09:16:37,Leaves one body length of Quasimono
01/24/2014 09:16:39,09:16:39,Quasimono approaches within one body length
01/24/2014 09:16:45,09:16:45,Looks under a leaf for insects
01/24/2014 09:17:12,09:17:12,Approaches to five body lengths of Quasimono
01/24/2014 09:17:12,09:17:12,Approaches to one body length of Quasimono
01/24/2014 09:17:20,09:17:20,Quasimono approaches within one body length
01/24/2014 09:17:21,09:17:21,Leaves one body length of Quasimono
01/24/2014 09:17:42,09:17:42,Looks under a leaf for insects
01/24/2014 09:18:25,09:18:25,Handles a Liana fruit
01/24/2014 09:19:48,09:19:48,Looks under a leaf for insects
01/24/2014 09:19:52,09:19:52,Scratches
01/24/2014 09:20:27,09:20:27,Approaches to five body lengths of Vermeer
01/24/2014 09:20:27,09:20:27,Approaches to five body lengths of Seiton
01/24/2014 09:20:39,09:20:39,Looks under a leaf for insects
01/24/2014 09:20:59,09:20:59,Duende makes an intense gargle
01/24/2014 09:21:05,09:21:05,Approaches to five body lengths of Dali
01/24/2014 09:21:24,09:21:24,Handles and ingests a Rubiaceae fruit
01/24/2014 09:21:25,09:21:25,Approaches to five body lengths of Duplo
01/24/2014 09:23:10,09:23:10,Leaves the Rubiaceae tree
01/24/2014 09:23:30,09:23:30,Mutual approach to five body lengths with Viceroy
01/24/2014 09:23:32,09:23:32,Approaches to one body length of Viceroy
01/24/2014 09:23:34,09:23:34,Climbs on top of Viceroy
01/24/2014 09:23:37,09:23:37,Leaves one body length of Viceroy
01/24/2014 09:23:43,09:23:43,Approaches to five body lengths of Peeves
01/24/2014 09:23:46,09:23:46,Forages for insects in bark
01/24/2014 09:23:55,09:23:55,Leaves five body lengths of Viceroy
01/24/2014 09:24:02,09:24:02,Vermeer approaches within five body lengths
01/24/2014 09:24:10,09:24:10,Viceroy approaches within five body lengths
01/24/2014 09:24:12,09:24:12,Leaves five body lengths of Peeves
01/24/2014 09:24:15,09:24:15,Leaves five body lengths of Viceroy
01/24/2014 09:24:59,09:24:59,"Viceroy makes an open-mouth threat to Kat (a researcher,) and Winslow Homer looks"
01/24/2014 09:25:02,09:25:02,Viceroy approaches within five body lengths
01/24/2014 09:25:04,09:25:04,Viceroy approaches within one body length
01/24/2014 09:25:21,09:25:21,Playfully bites Vermeer
01/24/2014 09:25:25,09:25:25,Approaches to five body lengths of Danger
01/24/2014 09:25:27,09:25:27,Leaves one body length of Viceroy
01/24/2014 09:25:28,09:25:28,Approaches to one body length of Danger
01/24/2014 09:25:32,09:25:32,"Danger makes an open-mouth threat to Kat (a researcher,) and Winslow Homer looks"
01/24/2014 09:25:34,09:25:34,Climbs on top of Danger
01/24/2014 09:25:38,09:25:38,Seiton approaches within five body lengths
01/24/2014 09:25:43,09:25:43,Twitter vocalization
01/24/2014 09:26:07,09:26:07,Approaches to one body length of Danger
01/24/2014 09:26:10,09:26:10,"Danger makes an open-mouth threat to Susan (a researcher,) and Winslow Homer looks"
01/24/2014 09:26:14,09:26:14,Looks at Viceroy
01/24/2014 09:26:14,09:26:14,Friendly-touches Danger
01/24/2014 09:26:22,09:26:22,Danger makes an open-mouth threat to Susan (a researcher)
01/24/2014 09:26:27,09:26:27,"Danger aggressively shakes a branch at Susan (a researcher), and Winslow Homer looks"
01/24/2014 09:26:31,09:26:31,"Danger makes an open-mouth threat to Susan (a researcher,) and Winslow Homer looks"
01/24/2014 09:26:34,09:26:34,"Danger makes an open-mouth threat to Kat (a researcher,) Winslow Homer ignores"
01/24/2014 09:26:35,09:26:35,Looks at Susan (a researcher)
01/24/2014 09:26:40,09:26:40,Sticks tongue out
01/24/2014 09:26:50,09:26:50,Scratches
01/24/2014 09:26:59,09:26:59,Leaves one body length of Danger
01/24/2014 09:27:01,09:27:01,Leaves five body lengths of Viceroy
01/24/2014 09:27:07,09:27:07,Leaves five body lengths of Danger
01/24/2014 09:27:21,09:27:21,Viceroy approaches within five body lengths
01/24/2014 09:27:23,09:27:23,Leaves five body lengths of Viceroy
01/24/2014 09:27:41,09:27:41,Leaves five body lengths of Seiton
01/24/2014 09:27:45,09:27:45,Approaches to five body lengths of Viceroy
01/24/2014 09:27:47,09:27:47,Approaches to one body length of Viceroy
01/24/2014 09:27:55,09:27:55,Approaches to one body length of Viceroy
01/24/2014 09:28:25,09:28:25,"Viceroy makes an open-mouth threat to Susan (a researcher,) and Winslow Homer looks"
01/24/2014 09:28:30,09:28:30,Approaches to one body length of Viceroy
01/24/2014 09:28:40,09:28:40,Sticks tongue out
01/24/2014 09:28:41,09:28:41,Forages for insects in bark
01/24/2014 09:28:51,09:28:51,Looks in a hole for food
01/24/2014 09:28:52,09:28:52,Sticks tongue out
01/24/2014 09:29:18,09:29:18,Mutual approach to five body lengths with Vermeer
01/24/2014 09:29:20,09:29:20,Leaves five body lengths of Vermeer
01/24/2014 09:29:34,09:29:34,Looks under a leaf for insects
01/24/2014 09:29:43,09:29:43,Sticks tongue out
01/24/2014 09:29:46,09:29:46,Forages for insects in bark
01/24/2014 09:29:50,09:29:50,Sticks tongue out
01/24/2014 09:30:06,09:30:06,Looks in a hole for food
01/24/2014 09:30:07,09:30:07,Sticks tongue out
01/24/2014 09:30:12,09:30:12,Scratches
01/24/2014 09:30:15,09:30:15,Twitter vocalization
01/24/2014 09:30:39,09:30:39,Forages for insects in bark
01/24/2014 09:31:13,09:31:13,Forages for insects in bark
01/24/2014 09:31:14,09:31:14,Approaches to five body lengths of Vermeer
01/24/2014 09:31:23,09:31:23,Approaches to five body lengths of Vermeer
01/24/2014 09:31:33,09:31:33,Scratches
01/24/2014 09:31:54,09:31:54,Leaves five body lengths of Vermeer
01/24/2014 09:31:59,09:31:59,Looks under a leaf for insects
01/24/2014 09:32:22,09:32:22,Looks under a leaf for insects
01/24/2014 09:32:29,09:32:29,Looks under a leaf for insects
01/24/2014 09:33:04,09:33:04,Scratches
01/24/2014 09:33:26,09:33:26,King Donkey approaches within five body lengths
01/24/2014 09:33:28,09:33:28,Looks under a leaf for insects
01/24/2014 09:33:31,09:33:31,Leaves five body lengths of King Donkey
01/24/2014 09:33:37,09:33:37,Looks under a leaf for insects
01/24/2014 09:33:44,09:33:44,"A monkey makes a snake alarm, and Winslow Homer looks"
01/24/2014 09:34:30,09:34:30,Approaches to five body lengths of Vermeer
01/24/2014 09:34:31,09:34:31,Approaches to one body length of Vermeer
01/24/2014 09:34:39,09:34:39,#N/A
01/24/2014 09:34:44,09:34:44,Leaves one body length of Kahlo
01/24/2014 09:34:48,09:34:48,Approaches to five body lengths of Dubious
01/24/2014 09:34:49,09:34:49,A monkey screams
01/24/2014 09:34:50,09:34:50,Kahlo approaches within one body length
01/24/2014 09:34:50,09:34:50,Peeves screams at Vandal
01/24/2014 09:34:50,09:34:50,Peeves throws a tantrum toward Vandal
01/24/2014 09:35:14,09:35:14,Self-grooms
01/24/2014 09:35:24,09:35:24,Leaves five body lengths of Dubious
01/24/2014 09:35:41,09:35:41,Looks under a leaf for insects
01/24/2014 09:35:44,09:35:44,A monkey sex grunts
01/24/2014 09:35:47,09:35:47,Scratches
01/24/2014 09:35:50,09:35:50,Self-grooms
01/24/2014 09:35:58,09:35:58,Forages for insects in bark
01/24/2014 09:36:01,09:36:01,Scratches
01/24/2014 09:36:08,09:36:08,Dubious approaches within five body lengths
01/24/2014 09:36:09,09:36:09,Dubious approaches within one body length
01/24/2014 09:36:12,09:36:12,Vermeer approaches within five body lengths
01/24/2014 09:36:13,09:36:13,Vermeer approaches within one body length
01/24/2014 09:36:20,09:36:20,King James approaches within five body lengths
01/24/2014 09:36:21,09:36:21,King James approaches within one body length
01/24/2014 09:36:26,09:36:26,Sniffs King James
01/24/2014 09:36:32,09:36:32,King James play-bites Winslow Homer
01/24/2014 09:36:33,09:36:33,Scratches
01/24/2014 09:36:34,09:36:34,Twitter vocalization
01/24/2014 09:36:35,09:36:35,Scratches
01/24/2014 09:36:53,09:36:53,Scratches
01/24/2014 09:37:01,09:37:01,Sticks tongue out
01/24/2014 09:37:05,09:37:05,Scratches
01/24/2014 09:37:14,09:37:14,Approaches to five body lengths of Nickel
01/24/2014 09:37:16,09:37:16,Leaves five body lengths of Nickel
01/24/2014 09:37:19,09:37:19,Sniffs a leaf
01/24/2014 09:37:54,09:37:54,Approaches to five body lengths of Nickel
01/24/2014 09:37:58,09:37:58,Leaves five body lengths of Nickel
01/24/2014 09:39:34,09:39:34,Partially out of view of the researchers
01/24/2014 09:39:58,09:39:58,A monkey makes a wheeze vocalization
01/24/2014 09:40:35,09:40:35,Looks under a leaf for insects
01/24/2014 09:40:36,09:40:36,A monkey screams
01/24/2014 09:40:37,09:40:37,Looks under a leaf for insects
01/24/2014 09:40:50,09:40:50,Handles a Luchea fruit
01/24/2014 09:40:51,09:40:51,Partially out of view of the researchers
01/24/2014 09:41:53,09:41:53,A monkey yelps
01/24/2014 09:41:53,09:41:53,A monkey screams
01/24/2014 09:41:55,09:41:55,Partially out of view of the researchers
01/24/2014 09:42:19,09:42:19,"Handles, sniffs, and drops a Luchea fruit"
01/24/2014 09:42:33,09:42:33,Out if view of the researchers
01/24/2014 09:43:45,09:43:45,Scratches
01/24/2014 09:44:04,09:44:04,Partially out of view of the researchers
01/24/2014 09:44:41,09:44:41,Winslow Homer and Dubious twitter at each other
01/24/2014 09:44:48,09:44:48,Play-wrestles with Dubious
01/24/2014 09:44:58,09:44:58,Leaves one body length of Dubious
01/24/2014 09:45:17,09:45:17,Seiton approaches within five body lengths
01/24/2014 09:46:31,09:46:31,Partially out of view of the researchers
01/24/2014 09:46:51,09:46:51,Out if view of the researchers
01/24/2014 09:47:31,09:47:31,Shows food interest in Fishy's Luchea fruit
01/24/2014 09:47:49,09:47:49,Partially out of view of the researchers
01/24/2014 09:48:17,09:48:17,Dubious approaches within five body lengths
01/24/2014 09:48:19,09:48:19,Dubious approaches within one body length
01/24/2014 09:48:23,09:48:23,Handles and bites a Luchea fruit
01/24/2014 09:48:34,09:48:34,Partially out of view of the researchers
01/24/2014 09:48:48,09:48:48,King James approaches within five body lengths
01/24/2014 09:48:49,09:48:49,Partially out of view of the researchers
01/24/2014 09:49:33,09:49:33,Partially out of view of the researchers
01/24/2014 09:50:21,09:50:21,Handles and bites a Luchea fruit
01/24/2014 09:50:28,09:50:28,Dubious approaches within five body lengths
01/24/2014 09:51:12,09:51:12,Partially out of view of the researchers
01/24/2014 09:52:07,09:52:07,"Handles, bites and drops a Luchea fruit"
01/24/2014 09:52:08,09:52:08,Sticks tongue out
01/24/2014 09:52:40,09:52:40,Looks under a leaf for insects
01/24/2014 09:52:41,09:52:41,Scratches
01/24/2014 09:52:46,09:52:46,Dubious approaches within five body lengths
01/24/2014 09:52:52,09:52:52,Dubious twitters to Winslow Homer
01/24/2014 09:52:55,09:52:55,Approaches to one body length of Dubious
01/24/2014 09:53:00,09:53:00,Dubious twitters to Winslow Homer
01/24/2014 09:53:02,09:53:02,Playfully wrestles with Dubious
01/24/2014 09:53:17,09:53:17,Monster approaches within five body lengths
01/24/2014 09:53:22,09:53:22,Twitters to Dubious
01/24/2014 09:53:24,09:53:24,Leaves one body length of Dubious
01/24/2014 09:53:25,09:53:25,Approaches to five body lengths of Monster
01/24/2014 09:53:31,09:53:31,Approaches to one body length of Monster
01/24/2014 09:53:32,09:53:32,Twitters to Monster
01/24/2014 09:53:34,09:53:34,Leaves five body lengths of Dubious
01/24/2014 09:54:32,09:54:32,Out if view of the researchers
01/24/2014 09:55:10,09:55:10,Followed by Nickel
01/24/2014 09:55:12,09:55:12,Nickel twitters to Winslow Homer
01/24/2014 09:55:16,09:55:16,Nickel play-pulls Winslow Homer
01/24/2014 09:56:16,09:56:16,Scratches
01/24/2014 09:56:29,09:56:29,Starts solo play
01/24/2014 09:56:30,09:56:30,Stops solo play
01/24/2014 09:56:35,09:56:35,Partially out of view of the researchers
01/24/2014 09:57:19,09:57:19,Partially out of view of the researchers
01/24/2014 09:57:24,09:57:24,Partially out of view of the researchers
01/24/2014 09:57:30,09:57:30,Looks under a leaf for insects
01/24/2014 09:57:38,09:57:38,Looks under a leaf for insects
01/24/2014 09:58:30,09:58:30,Looks under a leaf for insects
01/24/2014 09:58:34,09:58:34,Looks under a leaf for insects
01/24/2014 09:58:52,09:58:52,#N/A
01/24/2014 09:58:53,09:58:53,Looks under a leaf for insects
01/24/2014 09:59:05,09:59:05,Looks under a leaf for insects
01/24/2014 09:59:05,09:59:05,Partially out of view of the researchers
01/24/2014 09:59:19,09:59:19,Twitter vocalization
01/24/2014 09:59:30,09:59:30,Follows a monkey
01/24/2014 09:59:32,09:59:32,Partially out of view of the researchers
01/24/2014 10:00:11,10:00:11,Nurses from Dali
01/24/2014 10:00:13,10:00:13,Dali grooms Winslow Homer
01/24/2014 10:00:15,10:00:15,Twitters to Dali
01/24/2014 10:00:28,10:00:28,Dali stops grooming Winslow Homer
01/24/2014 10:00:40,10:00:40,Stops nursing from Dali
01/24/2014 10:00:43,10:00:43,Scratches
01/24/2014 10:00:52,10:00:52,Scratches
01/24/2014 10:01:01,10:01:01,Dante approaches within five body lengths
01/24/2014 10:01:04,10:01:04,Dante approaches within one body length
01/24/2014 10:01:17,10:01:17,Approaches to one body length of Dali
01/24/2014 10:01:17,10:01:17,Scratches
01/24/2014 10:01:19,10:01:19,Climbs on top of Dante
01/24/2014 10:01:24,10:01:24,Approaches to five body lengths of Dante
01/24/2014 10:01:26,10:01:26,Scratches
01/24/2014 10:01:28,10:01:28,Leaves five body lengths of Dali
01/24/2014 10:01:29,10:01:29,Dali approaches within five body lengths
01/24/2014 10:01:33,10:01:33,Mutual approach to one body length with Dali
01/24/2014 10:01:33,10:01:33,Playfully bites Dali
01/24/2014 10:01:38,10:01:38,Starts solo play
01/24/2014 10:01:42,10:01:42,Stops solo play
01/24/2014 10:01:43,10:01:43,Looks under a leaf for insects
01/24/2014 10:01:53,10:01:53,Dali grooms Winslow Homer
01/24/2014 10:02:17,10:02:17,Dali stops grooming Winslow Homer
01/24/2014 10:02:32,10:02:32,Starts solo play
01/24/2014 10:02:49,10:02:49,Stops solo play
01/24/2014 10:02:50,10:02:50,Scratches
01/24/2014 10:03:54,10:03:54,Starts solo play
01/24/2014 10:03:56,10:03:56,Scratches
01/24/2014 10:04:04,10:04:04,Stops solo play
01/24/2014 10:04:05,10:04:05,Starts solo play
01/24/2014 10:04:15,10:04:15,Stops solo play
01/24/2014 10:04:15,10:04:15,Scratches
01/24/2014 10:05:12,10:05:12,Scratches
01/24/2014 10:05:32,10:05:32,Frankenstein approaches within five body lengths
01/24/2014 10:05:36,10:05:36,Frankenstein leaves five body lengths of Winslow Homer
01/24/2014 10:05:36,10:05:36,Scratches
01/24/2014 10:05:40,10:05:40,Frankenstein approaches within five body lengths
01/24/2014 10:05:42,10:05:42,Frankenstein approaches within one body length
01/24/2014 10:05:46,10:05:46,Frankenstein inspects Winslow Homer at close range
01/24/2014 10:06:06,10:06:06,"Makes a “play face” to Frankenstein, inviting Frankenstein to play"
01/24/2014 10:06:07,10:06:07,Frankenstein inspects Winslow Homer at close range
01/24/2014 10:06:26,10:06:26,Frankenstein touches Winslow Homer
01/24/2014 10:06:34,10:06:34,Frankenstein play-bites Winslow Homer
01/24/2014 10:06:44,10:06:44,Frankenstein play-bites Winslow Homer
01/24/2014 10:06:52,10:06:52,"Makes a “play face” to Frankenstein, inviting Frankenstein to play"
01/24/2014 10:07:14,10:07:14,"Frankenstein makes a play face, to invite Winslow Homer to play"
01/24/2014 10:07:21,10:07:21,Play-wrestles with Frankenstein
01/24/2014 10:09:05,10:09:05,Playfully wrestles with Frankenstein
01/24/2014 10:09:06,10:09:06,Leaves one body length of Dali
01/24/2014 10:09:08,10:09:08,Playfully pulls Frankenstein
01/24/2014 10:09:19,10:09:19,Sticks tongue out
01/24/2014 10:09:25,10:09:25,Sticks tongue out
01/24/2014 10:09:29,10:09:29,Scratches
01/24/2014 10:09:35,10:09:35,Scratches
01/24/2014 10:09:48,10:09:48,Scratches
01/24/2014 10:09:51,10:09:51,Approaches to one body length of Frankenstein
01/24/2014 10:09:56,10:09:56,Starts solo play
01/24/2014 10:09:56,10:09:56,Stops solo play
01/24/2014 10:10:15,10:10:15,Mutual play-pushes with Frankenstein
01/24/2014 10:10:21,10:10:21,Mutual play bite with Frankenstein
01/24/2014 10:10:28,10:10:28,Approaches to one body length of Dali
01/24/2014 10:11:10,10:11:10,Leaves one body length of Dali
01/24/2014 10:11:11,10:11:11,Stops solo play
01/24/2014 10:11:14,10:11:14,Playfully bites Frankenstein
01/24/2014 10:11:16,10:11:16,Play-wrestles with Frankenstein
01/24/2014 10:11:23,10:11:23,Dubious approaches within five body lengths
01/24/2014 10:11:48,10:11:48,Leaves five body lengths of Dali
01/24/2014 10:11:49,10:11:49,Leaves five body lengths of Frankenstein
01/24/2014 10:11:53,10:11:53,Approaches to one body length of Frankenstein
01/24/2014 10:11:54,10:11:54,Approaches to five body lengths of Dali
01/24/2014 10:11:57,10:11:57,Playfully pounces on Frankenstein
01/24/2014 10:12:02,10:12:02,Frankenstein play-hits Winslow Homer
01/24/2014 10:12:06,10:12:06,Playfully pulls Frankenstein
01/24/2014 10:12:12,10:12:12,Mutual play bite with Frankenstein
01/24/2014 10:12:22,10:12:22,Looks under a leaf for insects
01/24/2014 10:12:32,10:12:32,Sticks tongue out
01/24/2014 10:12:33,10:12:33,Approaches to one body length of Dali
01/24/2014 10:12:35,10:12:35,Leaves one body length of Frankenstein
01/24/2014 10:12:43,10:12:43,Dali touches Winslow Homer
01/24/2014 10:12:48,10:12:48,Looks under a leaf for insects
01/24/2014 10:12:54,10:12:54,Dali grooms Winslow Homer
01/24/2014 10:13:07,10:13:07,Dali stops grooming Winslow Homer
01/24/2014 10:13:11,10:13:11,Presents to Dali for grooming
01/24/2014 10:13:19,10:13:19,Scratches
01/24/2014 10:13:25,10:13:25,Leaves five body lengths of Frankenstein
01/24/2014 10:13:31,10:13:31,Frankenstein approaches within five body lengths
01/24/2014 10:13:38,10:13:38,Looks under a leaf for insects
01/24/2014 10:13:45,10:13:45,Frankenstein approaches within one body length
01/24/2014 10:13:47,10:13:47,Sticks tongue out
01/24/2014 10:13:47,10:13:47,Scratches
01/24/2014 10:13:54,10:13:54,Scratches
01/24/2014 10:13:55,10:13:55,Sticks tongue out
01/24/2014 10:14:02,10:14:02,Partially out of view of the researchers
01/24/2014 10:14:23,10:14:23,Approaches to one body length of Frankenstein
01/24/2014 10:14:39,10:14:39,Shows food interest in Frankenstein's Terciopelo flower
01/24/2014 10:14:41,10:14:41,Frankenstein hugs Winslow Homer
01/24/2014 10:15:07,10:15:07,Play-wrestles with Frankenstein
01/24/2014 10:15:25,10:15:25,Frankenstein play-bites Winslow Homer
01/24/2014 10:15:34,10:15:34,Frankenstein sniffs Winslow Homer
01/24/2014 10:15:44,10:15:44,Frankenstein play-pulls Winslow Homer
01/24/2014 10:15:49,10:15:49,Sticks tongue out
01/24/2014 10:16:24,10:16:24,Frankenstein approaches within one body length
01/24/2014 10:16:33,10:16:33,Bites a leaf
01/24/2014 10:16:51,10:16:51,Partially out of view of the researchers
01/24/2014 10:17:07,10:17:07,Partially out of view of the researchers
01/24/2014 10:17:23,10:17:23,Enters a Chicle tree
01/24/2014 10:17:24,10:17:24,Approaches to five body lengths of Duende
01/24/2014 10:17:26,10:17:26,Approaches to five body lengths of Dante
01/24/2014 10:17:27,10:17:27,Leaves five body lengths of Duende
01/24/2014 10:17:28,10:17:28,Approaches to one body length of Dante
01/24/2014 10:17:34,10:17:34,Dante grooms Winslow Homer
01/24/2014 10:18:01,10:18:01,Dante stops grooming Winslow Homer
01/24/2014 10:18:25,10:18:25,Partially out of view of the researchers
01/24/2014 10:18:39,10:18:39,Dante grooms Winslow Homer
01/24/2014 10:20:32,10:20:32,Frankenstein approaches within five body lengths
01/24/2014 10:20:35,10:20:35,Vermeer approaches within five body lengths
01/24/2014 10:20:53,10:20:53,Dante stops grooming Winslow Homer
01/24/2014 10:20:57,10:20:57,Dante grooms Winslow Homer
01/24/2014 10:21:00,10:21:00,Dante stops grooming Winslow Homer
01/24/2014 10:23:06,10:23:06,Leaves one body length of Dante
01/24/2014 10:23:09,10:23:09,Approaches to one body length of Frankenstein
01/24/2014 10:23:11,10:23:11,Approaches to one body length of Vermeer
01/24/2014 10:23:13,10:23:13,Leaves one body length of Vermeer
01/24/2014 10:23:14,10:23:14,Leaves one body length of Frankenstein
01/24/2014 10:23:30,10:23:30,Partially out of view of the researchers
01/24/2014 10:23:30,10:23:30,Out if view of the researchers
01/24/2014 10:25:01,10:25:01,Frankenstein approaches within one body length
01/24/2014 10:25:12,10:25:12,Dante grooms Duplo
01/24/2014 10:25:15,10:25:15,Partially out of view of the researchers
01/24/2014 10:25:34,10:25:34,Partially out of view of the researchers
01/24/2014 10:26:10,10:26:10,Leaves one body length of Dante
01/24/2014 10:26:11,10:26:11,Leaves five body lengths of Dante
01/24/2014 10:26:13,10:26:13,Leaves one body length of Duplo
01/24/2014 10:26:15,10:26:15,Leaves five body lengths of Duplo
01/24/2014 10:26:19,10:26:19,Partially out of view of the researchers
01/24/2014 10:26:19,10:26:19,Out if view of the researchers
01/24/2014 10:27:26,10:27:26,Out if view of the researchers
01/24/2014 10:28:28,10:28:28,Play-wrestles with Monster
01/24/2014 10:29:00,10:29:00,Opie approaches within five body lengths
01/24/2014 10:29:51,10:29:51,King James sex-mounts Dante
01/24/2014 10:30:05,10:30:05,Leaves one body length of Monster
01/24/2014 10:30:14,10:30:14,Out if view of the researchers
01/24/2014 10:30:56,10:30:56,King James play-hits Dante
01/24/2014 10:30:59,10:30:59,Dante and King James play wrestle
01/24/2014 10:36:59,10:36:59,"Duplo screams at Monster, and Winslow Homer looks"
01/24/2014 11:42:00,11:42:00,Tom Jerry makes an open-mouth threat to Viceroy
01/24/2014 11:42:00,11:42:00,Viceroy screams at Tom Jerry
01/24/2014 11:42:00,11:42:00,Dali makes an open-mouth threat to Viceroy
01/24/2014 11:42:00,11:42:00,Viceroy aggressively lunges at Tom Jerry
01/24/2014 11:43:00,11:43:00,Tom Jerry aggressively pounces on Bilbo
01/24/2014 11:43:00,11:43:00,Viceroy aggressively lunges at Bilbo
01/24/2014 11:43:00,11:43:00,Tom Jerry aggressively bounces at Bilbo
01/24/2014 11:43:00,11:43:00,Tom Jerry makes an open-mouth threat to Bilbo
01/24/2014 11:43:00,11:43:00,A monkey makes an aggressive threat to Bilbo
01/24/2014 11:44:00,11:44:00,Dubious yelps to Viceroy
01/24/2014 11:44:00,11:44:00,Dubious yelps to Viceroy
01/24/2014 12:12:53,12:12:53,Dali and Seiton do an overloard coalition against Viceroy
01/24/2014 12:13:04,12:13:04,Seiton makes an open-mouth threat to Duende
01/24/2014 12:35:55,12:35:55,Scratches
01/24/2014 12:36:07,12:36:07,Peeves approaches within five body lengths
01/24/2014 12:36:44,12:36:44,Sticks tongue out
01/24/2014 12:37:13,12:37:13,Looks at a researcher
01/24/2014 12:37:15,12:37:15,Approaches to one body length of Vermeer
01/24/2014 12:37:18,12:37:18,Leaves one body length of Peeves
01/24/2014 12:37:23,12:37:23,Aggressively bounces at Matt (a researcher)
01/24/2014 12:37:24,12:37:24,Looks under a leaf for insects
01/24/2014 12:37:31,12:37:31,Aggressively bounces at Matt (a researcher)
01/24/2014 12:37:33,12:37:33,Approaches to one body length of Peeves
01/24/2014 12:37:46,12:37:46,Leaves five body lengths of Dali
01/24/2014 12:37:48,12:37:48,Looks under a leaf for insects
01/24/2014 12:37:53,12:37:53,Sticks tongue out
01/24/2014 12:38:13,12:38:13,Scratches
01/24/2014 12:38:26,12:38:26,Approaches to one body length of Peeves
01/24/2014 12:38:31,12:38:31,"Vermeer makes an open-mouth threat to Jim (a researcher,) Winslow Homer ignores it"
01/24/2014 12:38:38,12:38:38,A monkey makes an aggressive open-mouth threat
01/24/2014 12:38:38,12:38:38,Duende and Dali do an overloard coalition against a researcher.  Winslow Homer looks.
01/24/2014 12:38:47,12:38:47,Dali makes a squeak threat to a researcher
01/24/2014 12:38:47,12:38:47,Sticks tongue out
01/24/2014 12:38:55,12:38:55,Forages for insects in bark
01/24/2014 12:38:59,12:38:59,Looks at Jim (a researcher)
01/24/2014 12:39:15,12:39:15,Sticks tongue out
01/24/2014 12:39:21,12:39:21,Scratches
01/24/2014 12:39:25,12:39:25,Approaches to five body lengths of Dante
01/24/2014 12:39:26,12:39:26,Approaches to five body lengths of Kahlo
01/24/2014 12:39:29,12:39:29,Sticks tongue out
01/24/2014 12:39:40,12:39:40,Looks at Jim (a researcher)
01/24/2014 12:39:40,12:39:40,Sticks tongue out
01/24/2014 12:39:49,12:39:49,Yawn
01/24/2014 12:39:56,12:39:56,Self-grooms
01/24/2014 12:39:59,12:39:59,Sticks tongue out
01/24/2014 12:39:59,12:39:59,Scratches
01/24/2014 12:40:10,12:40:10,Sticks tongue out
01/24/2014 12:40:18,12:40:18,Yawn
01/24/2014 12:40:38,12:40:38,Scratches
01/24/2014 12:41:04,12:41:04,Sticks tongue out
01/24/2014 12:41:16,12:41:16,Duende and Dante do an overloard coalition against Jim (a researcher.)  Winslow Homer ignores
01/24/2014 12:41:35,12:41:35,Forages for insects in bark
01/24/2014 12:42:06,12:42:06,Sticks tongue out
01/24/2014 12:42:11,12:42:11,Yawn
01/24/2014 12:42:11,12:42:11,Looks at Jim (a researcher)
01/24/2014 12:42:13,12:42:13,Forages for insects in bark
01/24/2014 12:42:13,12:42:13,Scratches
01/24/2014 12:42:25,12:42:25,Scratches
01/24/2014 12:42:29,12:42:29,Sticks tongue out
01/24/2014 12:43:41,12:43:41,Dante makes a squeak threat to Matt (a researcher)
01/24/2014 12:43:44,12:43:44,Dante makes an open-mouth threat to a researcher
01/24/2014 12:43:48,12:43:48,Looks at Matt (a researcher)
01/24/2014 12:43:52,12:43:52,"Dante jerks her head towards Duende, to recruit him to form a coalition against a researcher"
01/24/2014 12:44:02,12:44:02,"Dante makes an intense vocal threat, Winslow Homer looks"
01/24/2014 12:44:09,12:44:09,Sticks tongue out
01/24/2014 12:44:11,12:44:11,Scratches
01/24/2014 12:44:34,12:44:34,Duende makes an open-mouth threat to a researcher
01/24/2014 12:44:41,12:44:41,"Dali makes an open-mouth threat to a researcher, Winslow Homer ignores"
01/24/2014 12:45:03,12:45:03,Approaches to one body length of Duende
01/24/2014 12:45:05,12:45:05,Approaches to one body length of Dali
01/24/2014 12:45:18,12:45:18,Dali and Duende stand in contact with their cheeks together to form a coalition against a researcher
01/24/2014 12:45:19,12:45:19,Sticks tongue out
01/24/2014 12:45:19,12:45:19,Scratches
01/24/2014 12:45:31,12:45:31,Frankenstein approaches within five body lengths
01/24/2014 12:45:33,12:45:33,Sticks tongue out
01/24/2014 12:45:35,12:45:35,Scratches
01/24/2014 12:45:36,12:45:36,Sticks tongue out
01/24/2014 12:45:39,12:45:39,Scratches
01/24/2014 12:45:44,12:45:44,Dali and Duende stand in contact with their cheeks together to form a coalition against a researcher.  Winslow Homer ignores it.
01/24/2014 12:46:10,12:46:10,Looks at Susan (a researcher)
01/24/2014 12:46:12,12:46:12,Sticks tongue out
01/24/2014 12:46:37,12:46:37,Sticks tongue out
01/24/2014 12:46:49,12:46:49,Looks at Matt (a researcher)
01/24/2014 12:46:59,12:46:59,Looks at Jim (a researcher)
01/24/2014 12:47:08,12:47:08,Dali and Duende do an overloard coalition against a researcher.  Winslow Homer ignores.
01/24/2014 12:47:23,12:47:23,Scratches
01/24/2014 12:47:26,12:47:26,Scratches
01/24/2014 12:47:33,12:47:33,Looks under a leaf for insects
01/24/2014 12:47:34,12:47:34,Sticks tongue out
01/24/2014 12:47:43,12:47:43,Yawn
01/24/2014 12:47:52,12:47:52,Sticks tongue out
01/24/2014 12:47:55,12:47:55,Scratches
01/24/2014 12:48:22,12:48:22,Sticks tongue out
01/24/2014 12:48:31,12:48:31,Twitter vocalization
01/24/2014 12:48:37,12:48:37,Inspects Dali at close range
01/24/2014 12:48:52,12:48:52,Sticks tongue out
01/24/2014 12:49:02,12:49:02,Dali grooms Winslow Homer
01/24/2014 12:49:11,12:49:11,Dali stops grooming Winslow Homer
01/24/2014 12:49:31,12:49:31,Sticks tongue out
01/24/2014 12:49:44,12:49:44,"Dali grooms Duende, Winslow Homer ignores"
01/24/2014 12:49:44,12:49:44,Scratches
01/24/2014 12:49:54,12:49:54,Looks under a leaf for insects
01/24/2014 12:49:55,12:49:55,Sticks tongue out
01/24/2014 12:50:21,12:50:21,Approaches to one body length of Vermeer
01/24/2014 12:50:43,12:50:43,Scratches
01/24/2014 12:50:45,12:50:45,Scratches
01/24/2014 12:50:45,12:50:45,Sticks tongue out
01/24/2014 12:50:53,12:50:53,Self-grooms
01/24/2014 12:51:13,12:51:13,Sticks tongue out
01/24/2014 12:51:26,12:51:26,Climbs on top of Vermeer
01/24/2014 12:51:28,12:51:28,Approaches to one body length of Dali
01/24/2014 12:51:31,12:51:31,Approaches to one body length of Duende
01/24/2014 12:51:38,12:51:38,Self-grooms
01/24/2014 12:51:48,12:51:48,Dante grooms Kahlo
01/24/2014 12:51:59,12:51:59,Forages for insects in bark
01/24/2014 12:52:08,12:52:08,Scratches
01/24/2014 12:52:11,12:52:11,Sticks tongue out
01/24/2014 12:52:32,12:52:32,Sticks tongue out
01/24/2014 12:52:33,12:52:33,Scratches
01/24/2014 12:52:39,12:52:39,Sticks tongue out
01/24/2014 12:52:46,12:52:46,Looks at Duende
01/24/2014 12:52:47,12:52:47,Sticks tongue out
01/24/2014 12:52:49,12:52:49,Scratches
01/24/2014 12:53:11,12:53:11,Approaches to one body length of Dali
01/24/2014 12:53:13,12:53:13,Leaves one body length of Vermeer
01/24/2014 12:53:15,12:53:15,Leaves one body length of Duende
01/24/2014 12:53:17,12:53:17,Leaves one body length of Dali
01/24/2014 12:53:20,12:53:20,Approaches to one body length of Dante
01/24/2014 12:53:29,12:53:29,Sticks tongue out
01/24/2014 12:53:35,12:53:35,Dante grooms Kahlo
01/24/2014 12:53:47,12:53:47,"A monkey machine-gun screams, and Winslow Homer ignores it"
01/24/2014 12:53:47,12:53:47,Sticks tongue out
01/24/2014 12:53:51,12:53:51,Dante grooms Winslow Homer
01/24/2014 12:54:15,12:54:15,Sticks tongue out
01/24/2014 12:54:17,12:54:17,Dante stops grooming Winslow Homer
01/24/2014 12:54:18,12:54:18,Dali approaches within one body length
01/24/2014 12:54:23,12:54:23,Looks at Dali
01/24/2014 12:54:26,12:54:26,Friendly-touches Dante
01/24/2014 12:54:34,12:54:34,Sticks tongue out
01/24/2014 12:54:36,12:54:36,Duende approaches within one body length
01/24/2014 12:54:37,12:54:37,Looks at Duende
01/24/2014 12:54:38,12:54:38,Scratches
01/24/2014 12:54:47,12:54:47,Looks at Duende
01/24/2014 12:54:55,12:54:55,Self-grooms
01/24/2014 12:55:06,12:55:06,Dali touches Winslow Homer
01/24/2014 12:55:09,12:55:09,Vermeer approaches within one body length
01/24/2014 12:55:15,12:55:15,Self-grooms
01/24/2014 12:55:56,12:55:56,Forages for insects in bark
01/24/2014 12:55:58,12:55:58,Self-grooms
01/24/2014 12:55:59,12:55:59,Scratches
01/24/2014 12:56:13,12:56:13,Kahlo touches Winslow Homer
01/24/2014 12:56:28,12:56:28,Duplo approaches within five body lengths
01/24/2014 12:56:28,12:56:28,Forages for insects in bark
01/24/2014 12:56:30,12:56:30,Looks at Duplo
01/24/2014 12:56:58,12:56:58,Looks under a leaf for insects
01/24/2014 12:57:01,12:57:01,"Dante grooms Dali, Winslow Homer ignores"
01/24/2014 12:57:16,12:57:16,Approaches to one body length of Dante
01/24/2014 12:57:18,12:57:18,Approaches to one body length of Dali
01/24/2014 12:57:45,12:57:45,Leaves five body lengths of Duplo
01/24/2014 12:57:47,12:57:47,Friendly-touches Dante
01/24/2014 12:57:57,12:57:57,Dante grooms Winslow Homer
01/24/2014 12:58:35,12:58:35,Dante stops grooming Winslow Homer
01/24/2014 12:58:40,12:58:40,Scratches
01/24/2014 12:58:57,12:58:57,"Dante grooms Dali, Winslow Homer looks"
01/24/2014 12:59:00,12:59:00,Scratches
01/24/2014 12:59:21,12:59:21,Sticks tongue out
01/24/2014 12:59:55,12:59:55,Dante invites Dali to groom her
01/24/2014 12:59:57,12:59:57,Dali grooms Dante
01/24/2014 12:59:58,12:59:58,Sticks tongue out
01/24/2014 13:00:07,13:00:07,Presents to Dali for grooming
01/24/2014 13:00:09,13:00:09,Sticks tongue out
01/24/2014 13:00:13,13:00:13,Duende approaches within five body lengths
01/24/2014 13:00:22,13:00:22,Palpates Dali's nipple
01/24/2014 13:00:26,13:00:26,Dali aggressively nips at Winslow Homer
01/24/2014 13:00:44,13:00:44,Inspects Dali at close range
01/24/2014 13:01:07,13:01:07,Dante grooms Winslow Homer
01/24/2014 13:01:09,13:01:09,Dali invites Dante to groom her
01/24/2014 13:01:24,13:01:24,Dali grooms Winslow Homer
01/24/2014 13:01:26,13:01:26,Dali stops grooming Winslow Homer
01/24/2014 13:01:46,13:01:46,Frankenstein approaches within five body lengths
01/24/2014 13:01:51,13:01:51,"Dante grooms Dali, Winslow Homer ignores"
01/24/2014 13:02:08,13:02:08,Dante stops grooming Winslow Homer
01/24/2014 13:02:16,13:02:16,Friendly-touches Dali
01/24/2014 13:02:32,13:02:32,Presents to Dali for grooming
01/24/2014 13:02:33,13:02:33,Dali grooms Winslow Homer
01/24/2014 13:02:48,13:02:48,Vermeer approaches within five body lengths
01/24/2014 13:02:49,13:02:49,Dali stops grooming Winslow Homer
01/24/2014 13:03:49,13:03:49,"Quiddich screams at King Donkey, and Winslow Homer ignores it"
01/24/2014 13:04:01,13:04:01,"Throws a tantrum to Dante, and flails his limbs"
01/24/2014 13:04:03,13:04:03,Yelp vocalization to Dante
01/24/2014 13:04:13,13:04:13,Dante makes an open-mouth threat to Quiddich and King Donkey
01/24/2014 13:04:14,13:04:14,Sticks tongue out
01/24/2014 13:04:24,13:04:24,Sticks tongue out
01/24/2014 13:04:36,13:04:36,Looks at King Donkey and Quidditch
01/24/2014 13:04:40,13:04:40,"Quiddich makes an undulating scream, and Winslow Homer looks"
01/24/2014 13:04:55,13:04:55,Scratches
01/24/2014 13:05:07,13:05:07,Leaves one body length of Dali
01/24/2014 13:05:09,13:05:09,Approaches to one body length of Vermeer
01/24/2014 13:05:10,13:05:10,Approaches to five body lengths of Dante
01/24/2014 13:05:12,13:05:12,Approaches to five body lengths of Kahlo
01/24/2014 13:05:15,13:05:15,Forages for insects in bark
01/24/2014 13:05:18,13:05:18,Vermeer touches Winslow Homer
01/24/2014 13:05:50,13:05:50,Forages for insects in bark
01/24/2014 13:06:04,13:06:04,Leaves one body length of Vermeer
01/24/2014 13:06:09,13:06:09,Vermeer approaches within one body length
01/24/2014 13:06:40,13:06:40,"Quasimono yelps, and Winslow Homer looks"
01/24/2014 13:06:47,13:06:47,Scratches
01/24/2014 13:06:48,13:06:48,Sticks tongue out
01/24/2014 13:07:44,13:07:44,Urinates
